appid,nombre,release_date,english,developer,publisher,platforms,required_age,categories,genres,steamspy_tags,achievements,positive_ratings,negative_ratings,average_playtime,median_playtime,owners,price,copiessold,revenue,unreleased,earlyaccess,firstreleasedate,reviewscore
10,Counter-Strike,2000-11-01,t,Valve,Valve,windows;mac;linux,0,Multi-player;Online Multi-Player;Local Multi-Player;Valve Anti-Cheat enabled,Action,Action;FPS;Multiplayer,0,124534,3339,17612,317,10000000-20000000,7.19,13885221,56932186,False,False,973054800000,97
70,Half-Life,1998-11-08,t,Valve,Valve,windows;mac;linux,0,Single-player;Multi-player;Online Multi-Player;Steam Cloud;Valve Anti-Cheat enabled,Action,FPS;Classic;Action,0,27755,1100,1300,83,5000000-10000000,7.19,8850800,35277447,False,False,910501200000,97
220,Half-Life 2,2004-11-16,t,Valve,Valve,windows;mac;linux,0,Single-player;Steam Achievements;Steam Trading Cards;Captions available;Partial Controller Support;Steam Cloud;Includes Source SDK,Action,FPS;Action;Sci-fi,33,67902,2419,691,402,10000000-20000000,7.19,12880032,49060809,False,False,1191988800000,98
240,Counter-Strike: Source,2004-11-01,t,Valve,Valve,windows;mac;linux,0,Multi-player;Cross-Platform Multiplayer;Steam Achievements;Steam Cloud;Valve Anti-Cheat enabled;Stats;Includes Source SDK,Action,Action;FPS;Multiplayer,147,76640,3497,6842,400,10000000-20000000,7.19,5468542,44343261,False,False,1099285200000,96
400,Portal,2007-10-10,t,Valve,Valve,windows;mac;linux,0,Single-player;Steam Achievements;Captions available;Partial Controller Support;Includes level editor;Includes Source SDK;Commentary available,Action,Puzzle;First-Person;Singleplayer,15,51801,1080,288,137,10000000-20000000,7.19,14948969,54763641,False,False,1191988800000,98
440,Team Fortress 2,2007-10-10,t,Valve,Valve,windows;mac;linux,0,Multi-player;Cross-Platform Multiplayer;Steam Achievements;Steam Trading Cards;Captions available;Steam Workshop;In-App Purchases;Partial Controller Support;Valve Anti-Cheat enabled;Stats;Includes level editor;Commentary available,Action;Free to Play,Free to Play;Multiplayer;FPS,520,515879,34036,8495,623,20000000-50000000,0,101385498,337289255,False,False,1191988800000,90
500,Left 4 Dead,2008-11-17,t,Valve,Valve,windows;mac,0,Single-player;Multi-player;Co-op;Steam Achievements;Full controller support;Captions available;Steam Cloud;Valve Anti-Cheat enabled;Stats;Steam Leaderboards;Includes Source SDK;Commentary available,Action,Zombies;Co-op;FPS,73,17951,948,897,278,5000000-10000000,7.19,2044440,13075775,False,False,1226898000000,96
550,Left 4 Dead 2,2009-11-19,t,Valve,Valve,windows;mac;linux,0,Single-player;Multi-player;Co-op;Steam Achievements;Full controller support;Steam Trading Cards;Captions available;Steam Workshop;Steam Cloud;Valve Anti-Cheat enabled;Stats;Includes Source SDK;Commentary available,Action,Zombies;Co-op;FPS,70,251789,8418,1615,566,10000000-20000000,7.19,66972596,407955581,False,False,1258347600000,98
570,Dota 2,2013-07-09,t,Valve,Valve,windows;mac;linux,0,Multi-player;Co-op;Steam Trading Cards;Steam Workshop;SteamVR Collectibles;In-App Purchases;Valve Anti-Cheat enabled,Action;Free to Play;Strategy,Free to Play;MOBA;Strategy,0,863507,142079,23944,801,100000000-200000000,0,210322567,2099476179,False,False,1312156800000,81
620,Portal 2,2011-04-18,t,Valve,Valve,windows;mac;linux,0,Single-player;Co-op;Steam Achievements;Full controller support;Steam Trading Cards;Captions available;Steam Workshop;Steam Cloud;Stats;Includes level editor;Commentary available,Action;Adventure,Puzzle;Co-op;First-Person,51,138220,1891,1102,520,10000000-20000000,7.19,24261178,135956280,False,False,1303099200000,99
730,Counter-Strike: Global Offensive,2012-08-21,t,Valve;Hidden Path Entertainment,Valve,windows;mac;linux,0,Multi-player;Steam Achievements;Full controller support;Steam Trading Cards;Steam Workshop;In-App Purchases;Valve Anti-Cheat enabled;Stats,Action;Free to Play,FPS;Multiplayer;Shooter,167,2644404,402313,22494,6502,50000000-100000000,0,323971630,9845687147,False,False,1335830400000,86
1250,Killing Floor,2009-05-14,t,Tripwire Interactive,Tripwire Interactive,windows;mac;linux,0,Single-player;Multi-player;Co-op;Cross-Platform Multiplayer;Steam Achievements;Steam Trading Cards;Steam Workshop;Valve Anti-Cheat enabled;Stats;Includes level editor,Action,FPS;Zombies;Co-op,285,53710,2649,1328,306,2000000-5000000,14.99,6839426,63316107,False,False,1242273600000,95
3590,Plants vs. Zombies GOTY Edition,2009-05-05,t,"PopCap Games, Inc.","PopCap Games, Inc.",windows;mac,0,Single-player;Steam Achievements,Strategy,Tower Defense;Zombies;Strategy,21,14630,454,480,374,1000000-2000000,4.25,9921794,21531160,False,False,1241496000000,98
4000,Garry's Mod,2006-11-29,t,Facepunch Studios,Valve,windows;mac;linux,0,Single-player;Multi-player;Co-op;Cross-Platform Multiplayer;Steam Achievements;Steam Trading Cards;Captions available;Steam Workshop;Steam Cloud;Valve Anti-Cheat enabled;Includes level editor,Indie;Simulation,Sandbox;Multiplayer;Funny,29,363721,16433,12422,1875,10000000-20000000,6.99,35875786,176768329,False,False,1164776400000,97
6060,"Star Wars: Battlefront 2 (Classic, 2005)",2009-07-08,t,Pandemic Studios,Lucasfilm;LucasArts;Disney Interactive,windows,0,Single-player;Multi-player;Online Multi-Player;Partial Controller Support;Steam Cloud,Action,Star Wars;Action;Multiplayer,0,29149,2425,618,320,2000000-5000000,7.19,4189599,20758107,False,False,1247025600000,95
7940,Call of Duty® 4: Modern Warfare®,2007-11-12,t,Infinity Ward;Aspyr (Mac),Activision;Aspyr (Mac),windows;mac,0,Single-player;Multi-player,Action,FPS;Action;Multiplayer,0,8725,821,1417,1503,1000000-2000000,19.99,1784122,19840657,False,False,1194843600000,94
8190,Just Cause 2,2010-03-23,t,Avalanche Studios,Square Enix,windows,18,Single-player;Steam Achievements;Full controller support;Steam Cloud,Action;Adventure,Open World;Action;Sandbox,50,33636,3231,519,272,2000000-5000000,9.99,6014960,37024430,False,False,1269316800000,91
8500,EVE Online,2010-12-15,t,CCP,CCP,windows;mac,0,Multi-player;Online Multi-Player;MMO;Co-op;Online Co-op;Steam Trading Cards,Action;Free to Play;Massively Multiplayer;RPG;Strategy,Space;Massively Multiplayer;Sci-fi,0,8317,2832,5123,230,1000000-2000000,0,6289452,38159325,False,False,1285891200000,73
8870,BioShock Infinite,2013-03-25,t,Irrational Games;Aspyr (Mac);Virtual Programming (Linux),2K;Aspyr (Mac),windows;mac;linux,18,Single-player;Steam Achievements;Full controller support;Steam Trading Cards;Steam Cloud,Action,FPS;Story Rich;Action,80,79442,3846,614,519,2000000-5000000,19.99,7112407,61724438,False,False,1364184000000,94
8930,Sid Meier's Civilization® V,2010-09-23,t,Firaxis Games;Aspyr (Mac);Aspyr (Linux),2K;Aspyr (Mac);Aspyr (Linux),windows;mac;linux,0,Single-player;Multi-player;Steam Achievements;Steam Trading Cards;Steam Cloud,Strategy,Turn-Based Strategy;Strategy;Turn-Based,286,129030,5565,4760,1797,5000000-10000000,19.99,13204494,166279422,False,False,1285041600000,96
9200,RAGE,2011-10-03,t,id Software,Bethesda Softworks,windows,16,Single-player;Multi-player;Co-op;Steam Achievements;Partial Controller Support,Action,FPS;Post-apocalyptic;Action,60,9394,2882,559,392,1000000-2000000,7.99,1498137,13535797,False,False,1317614400000,78
9900,Star Trek Online,2012-01-31,t,Cryptic Studios,Perfect World Entertainment,windows,0,Multi-player;MMO;Co-op;Steam Achievements;Full controller support;In-App Purchases,Free to Play;Massively Multiplayer;RPG,Free to Play;Sci-fi;Space,0,7639,2391,2514,638,1000000-2000000,0,2311927,81976297,False,False,1288569600000,79
10090,Call of Duty: World at War,2008-11-18,t,Treyarch,Activision,windows,16,Single-player;Multi-player;Co-op,Action,Zombies;World War II;FPS,0,19595,1483,2331,1108,1000000-2000000,19.99,2965707,34199838,False,False,1226984400000,92
10180,Call of Duty®: Modern Warfare® 2,2009-11-11,t,Infinity Ward;Aspyr (Mac),Activision;Aspyr (Mac),windows;mac,0,Single-player;Multi-player;Co-op;Steam Achievements;Steam Cloud;Valve Anti-Cheat enabled,Action,Action;FPS;Multiplayer,50,30006,2826,999,580,5000000-10000000,19.99,4684402,53840109,False,False,1257915600000,93
10500,Total War: EMPIRE – Definitive Edition,2009-03-04,t,CREATIVE ASSEMBLY;Feral Interactive (Mac);Feral Interactive (Linux),SEGA;Feral Interactive (Mac);Feral Interactive (Linux),windows;mac;linux,0,Single-player;Multi-player;Steam Achievements;Steam Trading Cards;Stats,Strategy,Strategy;Historical;Military,30,14928,1719,3176,1385,2000000-5000000,19.99,3217934,29991464,False,False,1236142800000,91
12200,Bully: Scholarship Edition,2008-10-21,t,Rockstar New England,Rockstar Games,windows,0,Single-player;Partial Controller Support,Action;Adventure,Open World;Action;Adventure,0,8504,1764,319,225,1000000-2000000,9.99,2392152,16210112,False,False,1224561600000,84
12210,Grand Theft Auto IV,2008-12-02,t,Rockstar North;Rockstar Toronto,Rockstar Games,windows,0,Single-player;Multi-player;Partial Controller Support,Action;Adventure,Open World;Action;Bowling,0,35240,18926,1255,634,2000000-5000000,19.99,8061165,51203859,False,False,1285891200000,83
15100,Assassin's Creed™: Director's Cut Edition,2008-04-09,t,Ubisoft Montreal,Ubisoft,windows,0,Single-player;Partial Controller Support,Action;Adventure,Action;Adventure;Open World,0,5743,1162,360,476,500000-1000000,8.59,1531227,13646686,False,False,1207713600000,81
16900,GROUND BRANCH,2018-08-14,t,BlackFoot Studios,BlackFoot Studios,windows,0,Single-player;Online Multi-Player;Online Co-op;VR Support;Partial Controller Support,Action;Indie;Early Access,Early Access;Indie;Tactical,0,599,143,0,0,20000-50000,15.49,938234,21769077,False,True,1534204800000,89
17390,SPORE™,2008-12-19,t,Maxis™,Electronic Arts,windows,0,Single-player,Simulation,Simulation;Sandbox;Open World,0,15101,2014,1142,764,2000000-5000000,14.99,5067288,40917748,False,False,1229662800000,92
17410,Mirror's Edge™,2009-01-14,t,DICE,Electronic Arts,windows,0,Single-player;Full controller support;Partial Controller Support,Action;Adventure,Parkour;First-Person;Action,0,17880,2341,260,172,2000000-5000000,9.99,3913270,34620746,False,False,1231909200000,88
17460,Mass Effect,2008-12-19,t,BioWare,Electronic Arts,windows,0,Single-player,Action;RPG,RPG;Sci-fi;Story Rich,0,10107,666,612,633,1000000-2000000,7.99,1514602,14599016,False,False,1229662800000,94
17470,Dead Space,2009-01-09,t,EA Redwood Shores,Electronic Arts,windows,0,Single-player;Full controller support,Action,Horror;Action;Sci-fi,0,9136,1049,295,178,2000000-5000000,14.99,2061812,18755592,False,False,1231477200000,92
20900,The Witcher: Enhanced Edition Director's Cut,2008-09-16,t,CD PROJEKT RED,CD PROJEKT RED;1C-SoftClub,windows;mac,0,Single-player;Steam Cloud,Action;RPG,RPG;Fantasy;Story Rich,0,26380,4217,773,335,2000000-5000000,6.99,6724459,21056416,False,False,1221796800000,89
20920,The Witcher 2: Assassins of Kings Enhanced Edition,2012-04-16,t,CD PROJEKT RED,CD PROJEKT RED;1C-SoftClub,windows;mac;linux,0,Single-player;Steam Achievements;Steam Trading Cards;Partial Controller Support;Steam Cloud;Steam Leaderboards,RPG,RPG;Fantasy;Mature,52,36427,4710,838,320,2000000-5000000,14.99,7549783,19145735,False,False,1304208000000,90
21690,Resident Evil™ 5/ Biohazard 5®,2009-09-15,t,Capcom,Capcom,windows,18,Single-player;Multi-player;Co-op;Steam Achievements;Full controller support;Steam Trading Cards;Steam Cloud;Steam Leaderboards,Action;Adventure,Action;Zombies;Co-op,70,9250,1618,868,532,1000000-2000000,13.99,3508979,27557815,False,False,1252987200000,87
22330,The Elder Scrolls IV: Oblivion® Game of the Year Edition,2009-06-16,t,Bethesda Game Studios,Bethesda Softworks,windows,0,Single-player;Steam Cloud,RPG,Open World;RPG;Fantasy,0,13827,826,1307,630,1000000-2000000,12.99,3607509,30988876,False,False,1245124800000,95
22370,Fallout 3: Game of the Year Edition,2009-12-17,t,Bethesda Game Studios,Bethesda Softworks,windows,0,Single-player,RPG,Open World;RPG;Post-apocalyptic,0,17742,4495,1242,1076,2000000-5000000,14.99,3705500,42015372,False,False,1261026000000,81
22380,Fallout: New Vegas,2010-10-21,t,Obsidian Entertainment,Bethesda Softworks,windows,18,Single-player;Steam Achievements;Partial Controller Support;Steam Leaderboards,Action;RPG,Open World;RPG;Post-apocalyptic,75,66756,3149,2485,1431,2000000-5000000,7.99,8730012,42885453,False,False,1287460800000,96
24010,Train Simulator 2019,2015-09-17,t,Dovetail Games,Dovetail Games - Trains,windows,0,Single-player;Steam Achievements;Full controller support;Steam Trading Cards;Steam Workshop;In-App Purchases;Steam Cloud;Steam Leaderboards,Simulation,Simulation;Trains;Singleplayer,1165,8573,5336,287,385,1000000-2000000,34.99,2005837,36343416,False,False,1285891200000,71
24200,DC Universe™ Online,2011-11-02,t,Daybreak Game Company,Daybreak Game Company,windows,0,Multi-player;MMO;Steam Achievements;Full controller support,Action;Adventure;Free to Play;Massively Multiplayer;RPG,Free to Play;Superhero;Massively Multiplayer,169,10138,2654,2990,3851,2000000-5000000,0,1911024,29998448,False,False,1291161600000,81
24240,PAYDAY™ The Heist,2011-10-20,t,OVERKILL Software,Daybreak Game Company,windows,18,Single-player;Co-op;Steam Achievements;Steam Trading Cards;Steam Cloud;Stats,Action,FPS;Action;Co-op,56,34645,2533,444,248,2000000-5000000,10.99,4658251,20645838,False,False,1319083200000,93
32370,STAR WARS™ - Knights of the Old Republic™,2009-09-05,t,BioWare;Aspyr (Mac),LucasArts;Aspyr (Mac);Disney Interactive;Lucasfilm,windows;mac,0,Single-player;Steam Cloud,Adventure;RPG,RPG;Star Wars;Sci-fi,0,11569,1590,660,400,2000000-5000000,7.19,2896649,14712470,False,False,1252123200000,91
32430,STAR WARS™ - The Force Unleashed™ Ultimate Sith Edition,2009-12-15,t,LucasArts;Aspyr Studios,LucasArts;Aspyr (Mac);Lucasfilm;Disney Interactive,windows;mac,0,Single-player;Partial Controller Support;Steam Cloud,Action,Action;Star Wars;Third Person,0,2287,1389,195,175,1000000-2000000,15.49,1462051,13697573,False,False,1260853200000,76
32440,LEGO® Star Wars™ - The Complete Saga,2009-11-12,t,Traveller's Tales;Feral Interactive (Mac),LucasArts;Lucasfilm;Disney Interactive;Feral Interactive (Mac),windows;mac,0,Single-player;Shared/Split Screen;Full controller support;Steam Cloud,Adventure,LEGO;Star Wars;Adventure,0,3033,256,243,266,500000-1000000,15.49,2173104,19263465,False,False,1258002000000,97
32470,STAR WARS™ Empire at War - Gold Pack,2010-05-25,t,Petroglyph,LucasArts;Lucasfilm;Disney Interactive,windows,0,Single-player;Multi-player;Online Multi-Player;Steam Cloud,Strategy,Strategy;Star Wars;RTS,0,6526,396,395,219,1000000-2000000,15.49,1329610,12749171,False,False,1274760000000,98
33230,Assassin's Creed 2 Deluxe Edition,2010-03-04,t,Ubisoft Montreal,Ubisoft,windows,0,Single-player,Action;Adventure,Action;Open World;Adventure,0,14861,2639,1046,1323,1000000-2000000,8.59,3332016,27072358,False,False,1268110800000,89
33930,Arma 2: Operation Arrowhead,2010-06-29,t,Bohemia Interactive,Bohemia Interactive,windows,18,Single-player;Multi-player;Co-op;Captions available;Partial Controller Support;Includes level editor,Action;Simulation;Strategy,Simulation;Action;Military,0,17683,1519,8488,1120,2000000-5000000,11.99,2868451,20071464,False,False,1277784000000,92
34030,Total War: NAPOLEON – Definitive Edition,2010-02-25,t,CREATIVE ASSEMBLY;Feral Interactive (Mac),SEGA;Feral Interactive (Mac),windows;mac,0,Single-player;Multi-player;Steam Achievements;Steam Trading Cards;Stats,Strategy,Strategy;Historical;Grand Strategy,71,8540,907,1251,1534,2000000-5000000,0,2504233,18111031,False,False,1267074000000,91
35450,Red Orchestra 2: Heroes of Stalingrad with Rising Storm,2011-09-13,t,Tripwire Interactive,Tripwire Interactive,windows,0,Multi-player;Online Multi-Player;Steam Achievements;Steam Trading Cards;Steam Workshop;Valve Anti-Cheat enabled;Stats;Includes level editor,Action;Massively Multiplayer;Simulation,Realistic;World War II;FPS,140,26922,2274,771,269,2000000-5000000,14.99,3734111,30952494,False,False,1315886400000,93
39210,FINAL FANTASY XIV Online,2014-02-18,t,Square Enix,Square Enix,windows,16,Single-player;Multi-player;Online Multi-Player;MMO;Co-op;Online Co-op;Cross-Platform Multiplayer;Partial Controller Support,Massively Multiplayer;RPG,MMORPG;Massively Multiplayer;RPG,0,9808,2107,28897,9324,1000000-2000000,9.99,5347177,93237170,False,False,1392699600000,87
41070,Serious Sam 3: BFE,2011-11-22,t,Croteam,Devolver Digital,windows;mac;linux,0,Single-player;Multi-player;Online Multi-Player;Local Multi-Player;Co-op;Online Co-op;Local Co-op;Shared/Split Screen;Cross-Platform Multiplayer;Steam Achievements;Full controller support;Steam Trading Cards;Steam Workshop;Steam Cloud;Steam Leaderboards;Includes level editor,Action;Indie,FPS;Action;Co-op,62,15574,1977,378,215,2000000-5000000,29.99,3013202,30608823,False,False,1321938000000,88
42700,Call of Duty®: Black Ops,2010-11-08,t,Treyarch,Activision,windows,18,Single-player;Multi-player;Co-op;Steam Achievements;Partial Controller Support;Valve Anti-Cheat enabled,Action,Action;FPS;Zombies,68,14201,1839,2672,517,2000000-5000000,29.99,3526306,75977922,False,False,1289278800000,91
42910,Magicka,2011-01-25,t,Arrowhead Game Studios,Paradox Interactive,windows,0,Single-player;Multi-player;Co-op;Shared/Split Screen;Steam Achievements;Full controller support;Steam Trading Cards;Steam Leaderboards,Action;RPG,Comedy;Action;Co-op,88,20912,1964,589,369,2000000-5000000,7.99,3780301,16507104,False,False,1295931600000,86
45760,Ultra Street Fighter® IV,2014-08-07,t,Capcom,Capcom,windows,0,Single-player;Multi-player;Steam Achievements;Full controller support;Steam Trading Cards;Steam Cloud;Steam Leaderboards,Action,Fighting;Arcade;Competitive,67,8247,1141,835,1056,500000-1000000,22.99,1562299,23581478,False,False,1309478400000,90
47780,Dead Space™ 2,2011-01-27,t,Visceral Games,Electronic Arts,windows,0,Single-player;Multi-player;Partial Controller Support,Action,Horror;Action;Sci-fi,0,8943,493,292,272,1000000-2000000,14.99,1587211,12825280,False,False,1295931600000,94
47810,Dragon Age: Origins - Ultimate Edition,2010-10-29,t,BioWare,Electronic Arts,windows,0,Single-player,RPG,RPG;Fantasy;Story Rich,0,8808,726,686,464,1000000-2000000,19.99,1779918,21678531,False,False,1288065600000,86
47890,The Sims™ 3,2011-01-27,t,The Sims Studio,Electronic Arts,windows,0,Single-player,Simulation,Simulation;Character Customization;Sandbox,0,11679,2493,4730,499,2000000-5000000,24.99,2957999,32273513,False,False,1296104400000,87
48190,Assassin’s Creed® Brotherhood,2011-03-17,t,Ubisoft Montreal,Ubisoft,windows,18,Single-player;Multi-player;Partial Controller Support,Action;Adventure,Action;Adventure;Open World,0,6676,929,600,471,500000-1000000,12.49,1653664,12761864,False,False,1300766400000,88
48240,Anno 2070™,2011-11-17,t,Blue Byte;Related Designs,Ubisoft,windows,0,Single-player;Multi-player;Steam Trading Cards,Strategy,Strategy;City Builder;Simulation,0,5653,3686,879,846,500000-1000000,16.99,948180,13372577,False,False,1321506000000,60
48700,Mount & Blade: Warband,2010-03-31,t,TaleWorlds Entertainment,TaleWorlds Entertainment,windows;mac;linux,0,Single-player;Multi-player;Steam Achievements;Steam Trading Cards;Steam Workshop,Action;RPG,Medieval;RPG;Open World,80,75872,2213,7932,1884,2000000-5000000,14.99,6875386,45501055,False,False,1270008000000,98
49520,Borderlands 2,2012-09-20,t,Gearbox Software;Aspyr (Mac);Aspyr (Linux),2K;Aspyr (Mac);Aspyr (Linux),windows;mac;linux,18,Single-player;Co-op;Steam Achievements;Full controller support;Steam Trading Cards;Steam Cloud,Action;RPG,FPS;Co-op;RPG,69,144595,11021,3276,1139,5000000-10000000,19.99,16323204,100277678,False,False,1347854400000,89
50130,Mafia II,2011-03-22,t,2K Czech;Feral Interactive (Mac),2K;Feral Interactive (Mac),windows;mac,18,Single-player;Steam Achievements;Partial Controller Support,Action,Action;Open World;Crime,67,31445,1855,1029,988,2000000-5000000,19.99,2879434,19068686,False,False,1285891200000,94
55150,"Warhammer 40,000: Space Marine",2011-09-08,t,Relic,SEGA,windows,18,Single-player;Multi-player;Steam Achievements;Full controller support;Steam Leaderboards,Action,Warhammer 40K;Action;Third-Person Shooter,60,9847,998,712,537,2000000-5000000,19.99,1330206,17265314,False,False,1315195200000,92
55230,Saints Row: The Third,2011-11-17,t,Volition,Deep Silver,windows;linux,18,Single-player;Co-op;Steam Achievements;Steam Trading Cards;Partial Controller Support;Steam Cloud,Action,Open World;Action;Comedy,83,44810,1877,1848,1033,2000000-5000000,6.99,6514795,32859188,False,False,1321246800000,96
65800,Dungeon Defenders,2011-10-18,t,Trendy Entertainment,Trendy Entertainment,windows;mac;linux,0,Single-player;Multi-player;Co-op;Shared/Split Screen;Steam Achievements;Full controller support;Steam Workshop;Steam Cloud;Valve Anti-Cheat enabled;Steam Leaderboards,Action;Indie;RPG;Strategy,Tower Defense;RPG;Co-op,114,10693,932,1993,1205,1000000-2000000,9.99,2224580,16258491,False,False,1318910400000,93
65980,Sid Meier's Civilization®: Beyond Earth™,2014-10-23,t,Firaxis Games;Aspyr (Mac);Aspyr (Linux),2K;Aspyr (Mac);Aspyr (Linux),windows;mac;linux,0,Single-player;Multi-player;Steam Achievements;Steam Trading Cards;Steam Workshop;Steam Cloud,Strategy,Strategy;Turn-Based Strategy;Sci-fi,90,9555,8224,932,1552,1000000-2000000,29.99,1556144,39682485,False,False,1414036800000,60
242920,Banished,2014-02-18,t,Shining Rock Software LLC,Shining Rock Software LLC,windows,0,Single-player;Steam Achievements,Indie;Simulation;Strategy,City Builder;Strategy;Simulation,36,24653,2820,1209,825,1000000-2000000,14.99,2389538,19108284,False,False,1392699600000,90
105600,Terraria,2011-05-16,t,Re-Logic,Re-Logic,windows;mac;linux,0,Single-player;Multi-player;Online Multi-Player;Co-op;Online Co-op;Steam Achievements;Full controller support;Steam Trading Cards;Steam Cloud,Action;Adventure;Indie;RPG,Sandbox;Adventure;Survival,88,255600,7797,5585,1840,5000000-10000000,6.99,37297587,184464671,False,False,1305518400000,97
107100,Bastion,2011-08-16,t,Supergiant Games,Supergiant Games,windows;mac;linux,0,Single-player;Steam Achievements;Full controller support;Steam Trading Cards;Steam Cloud;Steam Leaderboards,Action;Indie;RPG,Great Soundtrack;Indie;Action,24,27887,1098,391,234,2000000-5000000,11.39,3024728,17437993,False,False,1313467200000,95
107410,Arma 3,2013-09-12,t,Bohemia Interactive,Bohemia Interactive,windows,0,Single-player;Multi-player;Online Multi-Player;Local Multi-Player;Co-op;Online Co-op;Local Co-op;Steam Achievements;Steam Trading Cards;Captions available;Steam Workshop;Partial Controller Support;Steam Leaderboards;Includes level editor,Action;Simulation;Strategy,Simulation;Military;Multiplayer,104,105034,12524,18823,3621,2000000-5000000,29.99,14584385,225042747,False,False,1362096000000,90
108600,Project Zomboid,2013-11-08,t,The Indie Stone,The Indie Stone,windows;mac;linux,0,Single-player;Multi-player;Co-op;Shared/Split Screen;Cross-Platform Multiplayer;Steam Trading Cards;Partial Controller Support,Indie;RPG;Simulation;Early Access,Early Access;Survival;Zombies,0,17273,2606,658,701,500000-1000000,9.99,16513923,196108694,False,True,1383886800000,94
108710,Alan Wake,2012-02-16,t,Remedy Entertainment,Remedy Entertainment,windows,0,Single-player;Steam Achievements;Full controller support;Steam Trading Cards;Steam Cloud,Action;Adventure,Action;Horror;Adventure,67,22962,2163,239,228,2000000-5000000,11.39,2925956,25695308,False,False,1329368400000,90
110800,L.A. Noire,2011-11-08,t,Team Bondi;Rockstar Leeds,Rockstar Games,windows,18,Single-player;Steam Achievements;Partial Controller Support,Adventure;Strategy,Detective;Crime;Open World,60,14096,2315,428,478,1000000-2000000,19.99,2465616,18854111,False,False,1320728400000,86
115320,Prototype 2,2012-07-26,t,Radical Entertainment,Activision,windows,18,Single-player;Steam Achievements;Steam Cloud;Stats;Steam Leaderboards,Action;Adventure,Action;Open World;Gore,43,5411,2244,698,953,500000-1000000,19.99,1003387,16020765,False,False,1343102400000,76
200210,Realm of the Mad God,2012-02-20,t,Wild Shadow Studios;Deca Games,Deca Games,windows;mac,0,Multi-player;MMO;Co-op;Cross-Platform Multiplayer;Steam Achievements;Stats,Action;Free to Play;Indie;Massively Multiplayer;RPG,Free to Play;Massively Multiplayer;Pixel Graphics,31,23414,4728,3531,64,2000000-5000000,0,4853693,38471556,False,False,1329714000000,83
200510,XCOM: Enemy Unknown,2012-10-11,t,Firaxis Games;Feral Interactive (Mac);Feral Interactive (Linux),2K;Feral Interactive (Mac);Feral Interactive (Linux),windows;mac;linux,12,Single-player;Multi-player;Cross-Platform Multiplayer;Steam Achievements;Full controller support;Steam Trading Cards;Steam Cloud,Strategy,Turn-Based Strategy;Tactical;Strategy,85,36630,2072,1470,1049,2000000-5000000,14.99,3712687,43981267,False,False,1349668800000,93
200710,Torchlight II,2012-09-20,t,Runic Games,Runic Games,windows;mac;linux,0,Single-player;Multi-player;Co-op;Cross-Platform Multiplayer;Steam Achievements;Steam Trading Cards;Steam Workshop;Steam Cloud,Action;Adventure;Indie;RPG,RPG;Action RPG;Hack and Slash,119,29539,1757,1037,508,2000000-5000000,14.99,4520720,37658881,False,False,1348113600000,93
201810,Wolfenstein: The New Order,2014-05-19,t,Machine Games,Bethesda-Soft,windows,18,Single-player;Steam Achievements;Partial Controller Support;Steam Leaderboards,Action,FPS;Action;Shooter,50,26727,3011,539,630,1000000-2000000,14.99,3226633,41606770,False,False,1400472000000,92
202970,Call of Duty®: Black Ops II,2012-11-12,t,Treyarch,Activision,windows,18,Single-player;Multi-player;Co-op;Steam Achievements;Full controller support;Steam Trading Cards;Steam Cloud;Valve Anti-Cheat enabled;Steam Leaderboards,Action,Action;Multiplayer;FPS,35,25827,4658,524,400,2000000-5000000,39.99,3263438,82246751,False,False,1352696400000,86
203140,Hitman: Absolution™,2012-11-19,t,Io-Interactive A/S;Feral Interactive (Mac),Io-Interactive A/S;Feral Interactive (Mac),windows;mac,18,Single-player;Steam Achievements;Steam Trading Cards;Partial Controller Support;Steam Cloud,Action,Stealth;Action;Third Person,47,23277,2478,650,400,2000000-5000000,14.99,4404331,29642230,False,False,1353301200000,93
203160,Tomb Raider,2013-03-04,t,Crystal Dynamics;Eidos-Montréal;Feral Interactive (Mac);Feral Interactive (Linux),Square Enix;Feral Interactive (Mac);Feral Interactive (Linux),windows;mac;linux,18,Single-player;Multi-player;Steam Achievements;Full controller support;Steam Trading Cards;Steam Cloud,Action;Adventure,Adventure;Action;Female Protagonist,50,93509,4103,527,475,5000000-10000000,14.99,12949613,76375720,False,False,1362373200000,96
203770,Crusader Kings II,2012-02-14,t,Paradox Development Studio,Paradox Interactive,windows;mac;linux,0,Single-player;Multi-player;Steam Trading Cards,RPG;Simulation;Strategy,Grand Strategy;Strategy;Medieval,161,31668,4187,1366,272,2000000-5000000,29.99,7659363,33129595,False,False,1329195600000,91
204100,Max Payne 3,2012-05-31,t,Rockstar Studios,Rockstar Games,windows,0,Single-player;Multi-player;Steam Achievements;Partial Controller Support,Action,Action;Third-Person Shooter;Bullet Time,67,21581,4374,464,531,1000000-2000000,14.99,3001994,21765312,False,False,1338436800000,87
204360,Castle Crashers®,2012-09-26,t,The Behemoth,The Behemoth,windows;mac,0,Single-player;Multi-player;Online Multi-Player;Local Multi-Player;Co-op;Online Co-op;Local Co-op;Shared/Split Screen;Cross-Platform Multiplayer;Steam Achievements;Full controller support;Steam Trading Cards;Steam Cloud;Steam Leaderboards,Action;Adventure;Casual;Indie;RPG,Co-op;Action;Adventure,12,50273,2063,1094,306,2000000-5000000,9.99,11173334,45768621,False,False,1348632000000,96
205100,Dishonored,2012-10-11,t,Arkane Studios,Bethesda Softworks,windows,0,Single-player;Steam Achievements;Full controller support;Steam Cloud,Action;Adventure,Stealth;First-Person;Action,80,41756,1269,749,565,2000000-5000000,7.99,5256224,34361543,False,False,1349668800000,98
206420,Saints Row IV,2013-08-22,t,Deep Silver Volition,Deep Silver,windows;linux,16,Single-player;Co-op;Steam Achievements;Full controller support;Steam Trading Cards;Steam Workshop;Steam Cloud,Action;Adventure,Open World;Action;Comedy,73,54091,4945,1279,1094,2000000-5000000,10.99,6309609,34387579,False,False,1376884800000,88
206480,Dungeons & Dragons Online®,2012-06-25,t,"Standing Stone Games, LLC","Standing Stone Games, LLC",windows;mac,0,MMO,Action;Adventure;Free to Play;Massively Multiplayer;RPG,Free to Play;RPG;MMORPG,0,1718,696,557,804,500000-1000000,0,1388526,17311711,False,False,1340596800000,71
207140,SpeedRunners,2016-04-19,t,DoubleDutch Games,tinyBuild,windows;mac;linux,0,Single-player;Online Multi-Player;Local Multi-Player;Shared/Split Screen;Cross-Platform Multiplayer;Steam Achievements;Full controller support;Steam Trading Cards;Steam Workshop;Steam Cloud;Stats;Includes level editor,Action;Casual;Indie;Racing;Sports,Multiplayer;Racing;Local Multiplayer,29,20854,1455,421,320,1000000-2000000,10.99,3839132,15352206,False,False,1375315200000,94
208650,Batman™: Arkham Knight,2015-06-23,t,Rocksteady Studios,Warner Bros. Interactive Entertainment,windows,18,Single-player;Steam Achievements;Full controller support;Steam Trading Cards;Steam Cloud;Steam Leaderboards,Action;Adventure,Batman;Action;Open World,113,33121,12981,1266,1296,1000000-2000000,15.99,5890078,46483593,False,False,1435032000000,89
209000,Batman™: Arkham Origins,2013-10-24,t,WB Games Montreal;Splash Damage,Warner Bros. Interactive Entertainment,windows,16,Single-player;Steam Achievements;Full controller support;Steam Trading Cards;Steam Cloud;Steam Leaderboards,Action;Adventure,Action;Batman;Open World,60,20365,3519,538,443,2000000-5000000,0,3687252,25228886,False,False,1382587200000,90
209160,Call of Duty®: Ghosts,2014-03-25,t,Infinity Ward,Activision,windows,16,Single-player;Multi-player;Steam Achievements;Full controller support;Steam Cloud;Valve Anti-Cheat enabled;Steam Leaderboards,Action,Dog;FPS;Action,40,14892,10757,266,307,1000000-2000000,39.99,1328278,32577628,False,False,1383264000000,65
209650,Call of Duty®: Advanced Warfare - Gold Edition,2014-11-03,t,Sledgehammer Games;Raven Software,Activision,windows,18,Single-player;Multi-player;Steam Achievements;Full controller support;Steam Cloud;Valve Anti-Cheat enabled;Steam Leaderboards,Action,Dog;FPS;Action,45,13389,8379,250,267,500000-1000000,39.99,1043605,35903224,False,False,1414990800000,65
210970,The Witness,2016-01-26,t,"Thekla, Inc.","Thekla, Inc.",windows;mac,0,Single-player;Steam Achievements;Captions available;Partial Controller Support;Steam Cloud,Adventure;Indie,Puzzle;Exploration;First-Person,2,6572,1282,630,674,500000-1000000,29.99,1179867,20223369,False,False,1453784400000,85
211500,RaceRoom Racing Experience,2013-02-12,t,Sector3 Studios,Sector3 Studios;RaceRoom Entertainment AG,windows,0,Single-player;Multi-player;Steam Trading Cards;In-App Purchases;Partial Controller Support,Free to Play;Racing;Simulation;Sports,Racing;Free to Play;Multiplayer,0,5204,3571,81,42,2000000-5000000,0,4982547,12141648,False,False,1346457600000,76
211820,Starbound,2016-07-22,t,Chucklefish,Chucklefish,windows;mac;linux,0,Single-player;Multi-player;Online Multi-Player;Co-op;Online Co-op;Cross-Platform Multiplayer;Steam Achievements;Steam Trading Cards;Steam Workshop,Action;Adventure;Casual;Indie;RPG,Sandbox;Adventure;Survival,51,74162,7816,3556,2055,2000000-5000000,11.99,5978938,61101275,False,False,1383264000000,90
212500,The Lord of the Rings Online™,2012-06-06,t,"Standing Stone Games, LLC","Standing Stone Games, LLC",windows;mac,0,MMO,Free to Play;Massively Multiplayer;RPG,Free to Play;MMORPG;Massively Multiplayer,0,6860,1644,892,300,2000000-5000000,0,3037719,31237220,False,False,1338955200000,81
212680,FTL: Faster Than Light,2012-09-14,t,Subset Games,Subset Games,windows;mac;linux,0,Single-player;Steam Trading Cards,Indie;Simulation;Strategy,Rogue-like;Space;Indie,0,42641,1629,1111,633,2000000-5000000,6.99,4087629,18904938,False,False,1347595200000,95
213670,South Park™: The Stick of Truth™,2014-03-06,t,Obsidian Entertainment,Ubisoft,windows,0,Single-player;Steam Achievements;Full controller support,Action;Adventure;RPG,RPG;Comedy;Adventure,50,35896,911,1045,628,2000000-5000000,25.99,3950678,47065263,False,False,1393822800000,98
214490,Alien: Isolation,2014-10-06,t,Creative Assembly;Feral Interactive (Mac);Feral Interactive (Linux),SEGA;Feral Interactive (Mac);Feral Interactive (Linux),windows;mac;linux,18,Single-player;Steam Achievements;Full controller support;Steam Cloud,Action,Horror;Survival Horror;Sci-fi,50,24534,1958,563,720,1000000-2000000,29.99,2727353,40617278,False,False,1412568000000,93
214950,Total War™: ROME II - Emperor Edition,2013-09-02,t,CREATIVE ASSEMBLY,SEGA,windows;mac,0,Single-player;Multi-player;Steam Trading Cards;Steam Cloud,Strategy,Strategy;Turn-Based Strategy;Historical,188,31864,13423,5760,1287,2000000-5000000,29.99,3572003,67739255,False,False,1378094400000,87
216150,MapleStory,2012-08-09,t,Nexon,Nexon America Inc.,windows,0,Single-player;Multi-player;MMO;Co-op;Steam Trading Cards,Casual;Free to Play;Massively Multiplayer;RPG,Free to Play;Massively Multiplayer;RPG,0,3629,1711,71,106,1000000-2000000,0,2859754,89149123,False,False,1344484800000,64
218620,PAYDAY 2,2013-08-13,t,OVERKILL - a Starbreeze Studio.,Starbreeze Publishing AB,windows;linux,18,Single-player;Multi-player;Co-op;Online Co-op;Steam Achievements;Full controller support;Steam Trading Cards;In-App Purchases,Action;RPG,Co-op;Action;FPS,1130,308657,56523,3975,890,10000000-20000000,7.49,38739774,176541657,False,False,1370044800000,89
219150,Hotline Miami,2012-10-23,t,Dennaton Games,Devolver Digital,windows;mac;linux,18,Single-player;Steam Achievements;Steam Trading Cards;Partial Controller Support,Action;Indie,Great Soundtrack;Action;Violent,35,45809,1211,380,237,2000000-5000000,6.99,4905658,14317877,False,False,1350964800000,97
219640,Chivalry: Medieval Warfare,2012-10-16,t,Torn Banner Studios,Torn Banner Studios,windows;mac;linux,0,Multi-player;Steam Achievements;Full controller support;Steam Trading Cards;Steam Workshop;Valve Anti-Cheat enabled;Includes level editor,Action;Indie,Medieval;Multiplayer;Action,49,51499,10939,675,293,5000000-10000000,18.99,6774307,44963531,False,False,1350360000000,83
219990,Grim Dawn,2016-02-25,t,Crate Entertainment,Crate Entertainment,windows,0,Single-player;Multi-player;Co-op;Steam Achievements;Full controller support;Steam Trading Cards;Steam Cloud,Action;Adventure;Indie;RPG,Action RPG;RPG;Hack and Slash,178,26805,2605,3651,1539,1000000-2000000,19.99,4831797,40834942,False,False,1383264000000,94
220200,Kerbal Space Program,2015-04-27,t,Squad,Private Division ,windows;mac;linux,0,Single-player;Steam Trading Cards;Steam Workshop;Partial Controller Support;Steam Cloud,Indie;Simulation,Space;Simulation;Sandbox,0,49328,5168,9223,351,2000000-5000000,29.99,5284642,76060314,False,False,1362096000000,95
220240,Far Cry 3,2012-11-28,t,"Ubisoft Montreal, Massive Entertainment, and Ubisoft Shanghai",Ubisoft,windows,0,Single-player;Multi-player;Co-op;Partial Controller Support,Action;Adventure,Open World;FPS;Action,0,46331,5622,836,794,2000000-5000000,16.99,6113988,52160567,False,False,1354597200000,89
220440,DmC: Devil May Cry,2013-01-24,t,Ninja Theory,Capcom,windows,16,Single-player;Steam Achievements;Full controller support;Steam Trading Cards;Steam Cloud;Steam Leaderboards,Action;Adventure,Action;Hack and Slash;Great Soundtrack,58,14820,956,533,558,1000000-2000000,23.99,1817241,26857341,False,False,1359003600000,93
221040,Resident Evil 6 / Biohazard 6,2013-03-21,t,Capcom,Capcom,windows,18,Single-player;Multi-player;Co-op;Shared/Split Screen;Steam Achievements;Steam Trading Cards;Partial Controller Support;Steam Cloud;Valve Anti-Cheat enabled;Steam Leaderboards,Action;Adventure,Action;Zombies;Co-op,70,14643,3904,1602,1245,1000000-2000000,19.99,3599381,38414147,False,False,1363838400000,78
221100,DayZ,2018-12-13,t,Bohemia Interactive,Bohemia Interactive,windows,18,Multi-player;Online Multi-Player;Steam Workshop;Steam Cloud;Valve Anti-Cheat enabled,Action;Adventure;Massively Multiplayer,Survival;Zombies;Open World,0,118435,77169,7235,2798,2000000-5000000,33.99,12500119,317256909,False,False,1385856000000,77
221380,Age of Empires II HD,2013-04-09,t,Skybox Labs;Hidden Path Entertainment;Ensemble Studios;Forgotten Empires,Microsoft Studios,windows,0,Single-player;Multi-player;Steam Achievements;Steam Trading Cards;Captions available;Steam Workshop;Steam Cloud;Stats;Steam Leaderboards;Includes level editor,Strategy,Strategy;RTS;Multiplayer,294,54090,3178,1569,619,5000000-10000000,14.99,7854305,49495342,False,False,1365480000000,96
221680,Rocksmith® 2014 Edition - Remastered,2016-10-04,t,Ubisoft - San Francisco,Ubisoft,windows;mac,0,Single-player;Shared/Split Screen;Steam Achievements;Steam Trading Cards;In-App Purchases;Partial Controller Support;Steam Cloud;Steam Leaderboards,Casual;Simulation,Music;Education;Simulation,47,8228,789,6704,7089,500000-1000000,25.99,1163014,19930056,False,False,1380585600000,88
221910,The Stanley Parable,2013-10-17,t,Galactic Cafe,Galactic Cafe,windows;mac;linux,0,Single-player;Steam Achievements;Full controller support;Captions available;Steam Cloud,Adventure;Indie,Comedy;Narration;Indie,10,31538,2846,170,132,2000000-5000000,9.99,2887426,18556006,False,False,1381982400000,92
222880,Insurgency,2014-01-22,t,New World Interactive,New World Interactive,windows;mac;linux,0,Multi-player;Co-op;Cross-Platform Multiplayer;Steam Achievements;Full controller support;Steam Trading Cards;Steam Workshop;Valve Anti-Cheat enabled;Includes level editor,Action;Indie;Strategy,FPS;Realistic;Tactical,100,92355,9570,712,245,2000000-5000000,6.99,10463417,35415648,False,False,1364774400000,92
223750,DCS World Steam Edition,2013-08-02,t,Eagle Dynamics SA,The Fighter Collection,windows,0,Single-player;Multi-player;Captions available;VR Support;Partial Controller Support;Includes level editor,Free to Play;Simulation,Simulation;Flight;Free to Play,0,5083,1534,2343,3454,2000000-5000000,0,5033591,68107793,False,False,1375416000000,85
225540,Just Cause™ 3,2015-11-30,t,Avalanche Studios,Square Enix,windows,18,Single-player;Steam Achievements;Full controller support;Steam Trading Cards,Action;Adventure,Open World;Action;Destruction,66,37747,14024,2086,438,2000000-5000000,11.99,7796627,82445305,False,False,1448859600000,84
226860,Galactic Civilizations III,2015-05-14,t,Stardock Entertainment,Stardock Entertainment,windows,0,Single-player;Multi-player;Online Multi-Player;Online Co-op;Steam Achievements;Steam Trading Cards;Steam Workshop;Stats,Indie;Strategy,Strategy;Space;Turn-Based Strategy,98,6051,1891,199,264,500000-1000000,23.79,724715,14678567,False,False,1393632000000,77
227300,Euro Truck Simulator 2,2012-10-12,t,SCS Software,SCS Software,windows;mac;linux,0,Single-player;Steam Achievements;Steam Trading Cards;Steam Workshop;Partial Controller Support;Steam Cloud;Includes level editor,Indie;Simulation,Simulation;Driving;Open World,67,176769,5825,4942,1413,5000000-10000000,14.99,26480104,120596212,False,False,1356998400000,98
228280,Baldur's Gate: Enhanced Edition,2013-01-16,t,Beamdog,Beamdog,windows;mac;linux,0,Single-player;Multi-player;Co-op;Cross-Platform Multiplayer;Steam Achievements;Steam Trading Cards;Captions available;Steam Cloud,RPG;Strategy,RPG;Fantasy;Classic,129,4148,688,569,703,500000-1000000,14.99,1410939,12892972,False,False,1358312400000,92
228380,Wreckfest,2018-06-14,t,Bugbear,THQ Nordic,windows,0,Single-player;Multi-player;Online Multi-Player;Steam Workshop;Partial Controller Support;Stats;Steam Leaderboards,Action;Indie;Racing;Simulation;Sports,Racing;Destruction;Simulation,0,8834,2486,778,1135,500000-1000000,38.99,1999023,36642348,False,False,1388534400000,88
230290,Universe Sandbox ²,2015-08-24,t,Giant Army,Giant Army,windows;mac;linux,0,Single-player;Partial Controller Support,Casual;Indie;Simulation;Early Access,Early Access;Space;Sandbox,0,5918,377,120,150,200000-500000,19.49,1463248,27113922,False,True,1440388800000,96
230410,Warframe,2013-03-25,t,Digital Extremes,Digital Extremes,windows,16,Single-player;Multi-player;Co-op;Steam Trading Cards;In-App Purchases;Partial Controller Support,Action;Free to Play,Free to Play;Action;Co-op,187,226541,20268,5845,394,20000000-50000000,0,45489150,876844507,False,False,1364184000000,87
231430,Company of Heroes 2,2013-06-25,t,Relic Entertainment;Feral Interactive (Mac);Feral Interactive (Linux),SEGA;Feral Interactive (Mac);Feral Interactive (Linux),windows;mac;linux,18,Single-player;Multi-player;Co-op;Steam Achievements;Steam Trading Cards;Steam Workshop;Steam Cloud;Stats,Strategy,Strategy;World War II;RTS,452,32548,12038,1846,277,2000000-5000000,14.99,6198801,34240564,False,False,1372046400000,79
232090,Killing Floor 2,2016-11-18,t,Tripwire Interactive,Tripwire Interactive,windows,18,Single-player;Multi-player;Online Multi-Player;Co-op;Online Co-op;Steam Achievements;Full controller support;Steam Trading Cards;Steam Workshop;In-App Purchases;Valve Anti-Cheat enabled;Includes level editor,Action,Zombies;Co-op;Gore,257,60917,8354,2967,957,2000000-5000000,19.99,7642949,93937953,False,False,1427846400000,88
232890,Stronghold Crusader 2,2014-09-22,t,FireFly Studios,FireFly Studios,windows,0,Single-player;Online Multi-Player;Online Co-op;Steam Achievements;Steam Trading Cards;Steam Workshop;Steam Cloud;Includes level editor,Simulation;Strategy,Strategy;Medieval;RTS,81,4280,2786,259,233,500000-1000000,24.99,1812845,23850850,False,False,1404172800000,72
233130,Shadow Warrior,2013-09-26,t,Flying Wild Hog,Devolver Digital,windows;mac;linux,18,Single-player;Steam Achievements;Full controller support;Steam Trading Cards;Captions available;Steam Cloud,Action;Adventure,Action;FPS;Swordplay,92,18716,1426,319,227,2000000-5000000,29.99,1402308,13323462,False,False,1380168000000,92
233450,Prison Architect,2015-10-06,t,Introversion Software,Paradox Interactive,windows;mac;linux,0,Single-player;Steam Achievements;Steam Trading Cards;Steam Workshop;Steam Cloud;Includes level editor,Indie;Simulation;Strategy,Simulation;Building;Management,18,31687,2286,1472,717,2000000-5000000,23.79,5428827,35000472,False,False,1362096000000,89
233860,Kenshi,2018-12-06,t,Lo-Fi Games,Lo-Fi Games,windows,0,Single-player;Steam Workshop;Includes level editor,Action;Indie;RPG;Simulation;Strategy,Open World;Sandbox;RPG,0,9512,1171,1756,2026,200000-500000,22.99,3844952,53971588,False,False,1362096000000,96
234140,Mad Max,2015-09-01,t,Avalanche Studios;Feral Interactive (Mac);Feral Interactive (Linux),Warner Bros. Interactive Entertainment;Feral Interactive (Mac);Feral Interactive (Linux),windows;mac;linux,18,Single-player;Steam Achievements;Full controller support;Steam Trading Cards;Steam Cloud,Action;Adventure,Open World;Action;Post-apocalyptic,49,36222,3811,1030,699,2000000-5000000,15.99,3789212,53178940,False,False,1441080000000,92
234330,MARVEL Puzzle Quest,2013-12-05,t,Demiurge Studios,D3 Go!,windows,0,Single-player;Online Multi-Player;Cross-Platform Multiplayer,Casual;Free to Play;RPG,Free to Play;Puzzle;Match 3,0,2341,1051,0,0,200000-500000,0,548421,11983832,False,False,1386219600000,69
235460,METAL GEAR RISING: REVENGEANCE,2014-01-09,t,PlatinumGames,Konami Digital Entertainment,windows,18,Single-player;Steam Achievements;Full controller support;Steam Cloud,Action,Great Soundtrack;Action;Hack and Slash,60,13722,1157,863,870,500000-1000000,19.99,2631441,26388174,False,False,1389243600000,96
235540,Warhammer: End Times - Vermintide,2015-10-23,t,Fatshark,Fatshark,windows,16,Single-player;Co-op;Steam Achievements;Steam Trading Cards;Captions available;Partial Controller Support;Steam Cloud,Action;Indie,Action;Online Co-Op;Co-op,108,13905,3560,1200,608,1000000-2000000,22.99,2025065,28159112,False,False,1445572800000,80
235600,Tom Clancy’s Splinter Cell Blacklist,2013-08-23,t,Ubisoft Toronto,Ubisoft,windows,0,Single-player;Multi-player;Co-op,Action;Adventure,Stealth;Action;Co-op,0,10016,1982,669,820,500000-1000000,16.99,1424298,17594770,False,False,1376971200000,79
236110,Dungeon Defenders II,2017-06-20,t,Trendy Entertainment,Trendy Entertainment,windows,0,Single-player;Multi-player;Online Multi-Player;Co-op;Online Co-op;Steam Achievements;Steam Trading Cards;Partial Controller Support,Action;Free to Play;Indie;RPG;Strategy,Free to Play;Tower Defense;Multiplayer,18,10766,3802,523,217,2000000-5000000,0,3910555,21425248,False,False,1417392000000,77
236390,War Thunder,2013-08-15,t,Gaijin Entertainment,Gaijin Entertainment,windows;mac;linux,0,Single-player;MMO;Co-op;Cross-Platform Multiplayer;Steam Achievements;In-App Purchases;Partial Controller Support,Action;Free to Play;Massively Multiplayer;Simulation,Free to Play;World War II;Multiplayer,46,83852,22166,4200,297,10000000-20000000,0,35932952,453041988,False,False,1376539200000,73
236430,DARK SOULS™ II,2014-04-25,t,"FromSoftware, Inc","BANDAI NAMCO Entertainment;FromSoftware, Inc",windows,16,Single-player;Multi-player;Co-op;Steam Achievements;Full controller support,Action;RPG,RPG;Dark Fantasy;Difficult,38,30008,3799,2377,3041,1000000-2000000,29.99,1528473,23895103,False,False,1398398400000,88
236850,Europa Universalis IV,2013-08-13,t,Paradox Development Studio,Paradox Interactive,windows;mac;linux,0,Single-player;Multi-player;Cross-Platform Multiplayer;Steam Achievements;Steam Trading Cards;Steam Workshop;Steam Cloud,Simulation;Strategy,Grand Strategy;Strategy;Historical,295,40346,8254,8138,4572,1000000-2000000,34.99,5414630,75326451,False,False,1376366400000,87
237310,Elsword,2014-07-02,t,KOG,KOG Games,windows,0,Single-player;Multi-player;MMO;Co-op,Action;Adventure;Casual;Free to Play;Massively Multiplayer;RPG,Free to Play;Anime;RPG,0,4755,1511,796,54,1000000-2000000,0,1519446,13580106,False,False,1372636800000,73
238010,Deus Ex: Human Revolution - Director's Cut,2013-10-25,t,Eidos Montreal;Feral Interactive (Mac),Square Enix;Feral Interactive (Mac),windows;mac,16,Single-player;Steam Achievements;Steam Trading Cards;Captions available;Partial Controller Support;Steam Cloud;Commentary available,Action;RPG,Cyberpunk;Stealth;RPG,59,13044,1233,947,875,1000000-2000000,12.99,2265738,13491125,False,False,1382673600000,92
238090,Sniper Elite 3,2014-06-27,t,Rebellion,Rebellion,windows,0,Single-player;Multi-player;Co-op;Steam Achievements;Full controller support;Steam Trading Cards;Steam Cloud;Steam Leaderboards,Action;Adventure,Sniper;Action;Stealth,77,12737,3297,321,331,1000000-2000000,22.99,2944948,37467235,False,False,1403841600000,82
238320,Outlast,2013-09-04,t,Red Barrels,Red Barrels,windows;mac;linux,0,Single-player;Steam Achievements;Full controller support;Steam Trading Cards;Captions available;Steam Cloud,Action;Adventure;Indie,Horror;Atmospheric;First-Person,14,45966,1953,751,166,2000000-5000000,15.49,6879482,41991024,False,False,1378267200000,96
238430,Contagion,2013-10-25,t,"Monochrome, Inc","Monochrome, Inc",windows,0,Single-player;Multi-player;Co-op;Shared/Split Screen;Steam Achievements;Full controller support;Steam Trading Cards;Steam Workshop;Steam Cloud;Includes level editor,Action;Adventure;Indie,Zombies;Survival;Action,36,9087,3585,366,374,1000000-2000000,6.99,1607525,12479278,False,False,1377993600000,73
238460,BattleBlock Theater®,2014-05-15,t,The Behemoth,The Behemoth,windows;mac;linux,0,Single-player;Multi-player;Online Multi-Player;Local Multi-Player;Co-op;Online Co-op;Local Co-op;Shared/Split Screen;Steam Achievements;Full controller support;Steam Trading Cards;Steam Workshop;Steam Cloud;Stats;Steam Leaderboards;Includes level editor,Action;Adventure;Casual;Indie,Comedy;Co-op;Platformer,30,47342,1290,774,289,2000000-5000000,10.99,6408605,19573361,False,False,1396310400000,97
238960,Path of Exile,2013-10-23,t,Grinding Gear Games,Grinding Gear Games,windows,0,Single-player;Multi-player;Online Multi-Player;MMO;Co-op;Steam Achievements;Steam Trading Cards;In-App Purchases,Action;Adventure;Free to Play;Indie;Massively Multiplayer;RPG,Free to Play;Action RPG;Hack and Slash,120,71593,6117,5263,492,10000000-20000000,0,22355734,204647325,False,False,1382500800000,89
239030,"Papers, Please",2013-08-08,t,Lucas Pope,3909,windows;mac;linux,0,Single-player;Steam Achievements;Steam Trading Cards;Steam Cloud;Stats;Steam Leaderboards,Adventure;Indie,Indie;Political;Simulation,13,25587,1103,674,214,2000000-5000000,6.99,5130013,24238128,False,False,1375934400000,97
239140,Dying Light,2015-01-26,t,Techland,Techland Publishing,windows;mac;linux,18,Single-player;Multi-player;Co-op;Steam Achievements;Full controller support;Steam Trading Cards;Steam Workshop;Steam Cloud;Valve Anti-Cheat enabled;Includes level editor,Action;RPG,Zombies;Survival;Open World,68,78192,6176,2033,1299,2000000-5000000,24.99,19428640,260621611,False,False,1420070400000,95
239160,Thief,2014-02-27,t,Eidos-Montréal;Feral Interactive (Mac),Square Enix;Feral Interactive (Mac),windows;mac,16,Single-player;Steam Achievements;Full controller support;Steam Trading Cards;Steam Cloud;Steam Leaderboards,Action;Adventure,Stealth;Action;Adventure,37,10486,4326,276,192,1000000-2000000,19.99,2253806,19489302,False,False,1393477200000,75
239820,Game Dev Tycoon,2013-08-29,t,Greenheart Games,Greenheart Games,windows;mac;linux,0,Single-player;Steam Achievements;Steam Trading Cards;Steam Workshop;Steam Cloud,Casual;Indie;Simulation;Strategy,Simulation;Management;Indie,35,27373,1436,807,492,1000000-2000000,6.99,2499060,14896601,False,False,1377748800000,95
240720,Getting Over It with Bennett Foddy,2017-12-06,t,Bennett Foddy,Bennett Foddy,windows;mac;linux,0,Single-player;Partial Controller Support;Commentary available,Action,Difficult;Psychological Horror;Physics,3,10964,2913,169,208,1000000-2000000,5.79,4283824,18228168,False,False,1512536400000,82
242050,Assassin’s Creed® IV Black Flag™,2013-11-19,t,Ubisoft Montreal,Ubisoft,windows,0,Single-player;Multi-player;In-App Purchases,Action;Adventure,Pirates;Open World;Action,0,23904,3362,3234,1761,1000000-2000000,16.99,2979301,84216094,False,False,1384837200000,88
242760,The Forest,2018-04-30,t,Endnight Games Ltd,Endnight Games Ltd,windows,18,Single-player;Multi-player;Co-op;Partial Controller Support;Steam Cloud,Action;Adventure;Indie;Simulation,Survival;Open World;Horror,45,110460,8881,2417,1127,2000000-5000000,15.49,30803115,231865752,False,False,1398902400000,96
242860,Verdun,2015-04-28,t,M2H;Blackmill Games,M2H,windows;mac;linux,0,Multi-player;Online Multi-Player;Cross-Platform Multiplayer;Steam Achievements;Steam Trading Cards;Partial Controller Support;Steam Cloud;Steam Leaderboards,Action;Indie;Strategy,World War I;FPS;Multiplayer,58,22048,4418,3846,5410,1000000-2000000,15.49,1514702,15513302,False,False,1377993600000,86
243470,Watch_Dogs™,2014-05-26,t,Ubisoft,Ubisoft,windows,0,Single-player;Multi-player;Steam Trading Cards;Partial Controller Support,Action;Adventure,Open World;Hacking;Action,0,15159,7383,1176,1343,500000-1000000,25.99,2405062,39134250,False,False,1401076800000,79
244160,Homeworld Remastered Collection,2015-02-25,t,Gearbox Software;Aspyr (Mac),Gearbox Publishing;Aspyr (Mac),windows;mac,0,Single-player;Multi-player;Steam Achievements;Steam Workshop;Steam Cloud,Simulation;Strategy,Space;Strategy;RTS,34,5377,827,353,419,500000-1000000,26.99,1217586,18615081,False,False,1424840400000,88
244210,Assetto Corsa,2014-12-19,t,Kunos Simulazioni,Kunos Simulazioni,windows,0,Single-player;Online Multi-Player;Steam Achievements;Partial Controller Support;Steam Leaderboards;Includes level editor,Indie;Racing;Simulation;Sports,Racing;Simulation;Driving,709,15277,2337,3107,5267,500000-1000000,15.49,10461683,111985296,False,False,1383264000000,93
244450,Men of War: Assault Squad 2,2014-05-15,t,Digitalmindsoft,1C Entertainment,windows,0,Single-player;Multi-player;Co-op;Steam Achievements;Steam Trading Cards;Steam Workshop;Steam Cloud;Stats;Steam Leaderboards;Includes level editor,Action;Simulation;Strategy,Strategy;World War II;War,490,11389,2025,4678,6473,500000-1000000,19.99,2267509,18786016,False,False,1388534400000,91
244850,Space Engineers,2019-02-28,t,Keen Software House,Keen Software House,windows,0,Single-player;Multi-player;Online Multi-Player;Co-op;Steam Achievements;Steam Workshop;Partial Controller Support;Steam Cloud;Includes level editor,Action;Indie;Simulation;Strategy,Space;Sandbox;Building,27,60221,9609,3739,1147,2000000-5000000,15.49,5666036,60156430,False,False,1380585600000,89
245620,Tropico 5,2014-05-23,t,Haemimont Games,Kalypso Media Digital,windows;mac;linux,0,Single-player;Multi-player;Co-op;Cross-Platform Multiplayer;Steam Achievements;Steam Trading Cards;Steam Workshop;Steam Cloud;Includes level editor,RPG;Simulation;Strategy,Strategy;Simulation;City Builder,70,7878,2482,292,364,1000000-2000000,14.99,1572020,18856009,False,False,1400817600000,79
246620,Plague Inc: Evolved,2016-02-18,t,Ndemic Creations,Ndemic Creations,windows;mac;linux,0,Single-player;Online Multi-Player;Online Co-op;Cross-Platform Multiplayer;Steam Achievements;Steam Trading Cards;Steam Workshop;Partial Controller Support;Steam Cloud;Stats;Steam Leaderboards;Includes level editor,Casual;Indie;Simulation;Strategy,Strategy;Simulation;Indie,199,20081,1419,585,480,1000000-2000000,11.99,5384778,38243586,False,False,1391212800000,94
246900,Viscera Cleanup Detail,2015-10-23,t,RuneStorm,RuneStorm,windows;mac,0,Single-player;Multi-player;Co-op;Shared/Split Screen;Steam Achievements;Full controller support;Steam Trading Cards;Steam Workshop;Steam Cloud;Includes level editor,Indie;Simulation,Simulation;Gore;Multiplayer,85,6753,580,589,580,500000-1000000,9.99,1956002,13865358,False,False,1396310400000,92
249130,LEGO® Marvel™ Super Heroes,2013-11-15,t,Traveller's Tales,Warner Bros. Interactive Entertainment;Feral Interactive (Mac),windows;mac,0,Single-player;Shared/Split Screen;Steam Achievements;Full controller support;Steam Cloud,Action;Adventure,LEGO;Open World;Superhero,45,8797,691,4034,3514,500000-1000000,14.99,2009157,13174870,False,False,1382414400000,95
250320,The Wolf Among Us,2013-10-11,t,Telltale Games,Telltale Games,windows;mac,16,Single-player;Steam Achievements;Full controller support,Adventure,Adventure;Detective;Story Rich,35,21127,517,675,616,1000000-2000000,11.99,1433701,13701403,False,False,1381464000000,98
250900,The Binding of Isaac: Rebirth,2014-11-04,t,"Nicalis, Inc.","Nicalis, Inc.",windows;mac;linux,16,Single-player;Shared/Split Screen;Steam Achievements;Full controller support;Steam Trading Cards;Steam Cloud,Action,Indie;Replay Value;Rogue-like,403,72830,1840,4583,3236,2000000-5000000,10.99,8582601,75424210,False,False,1415077200000,97
251060,Wargame: Red Dragon,2014-04-17,t,Eugen Systems,Focus Home Interactive,windows;mac;linux,0,Single-player;Multi-player;Steam Trading Cards;Steam Cloud,Strategy,Strategy;RTS;Military,0,7949,1137,1702,2288,500000-1000000,24.99,1291772,16591412,False,False,1393632000000,89
251570,7 Days to Die,2013-12-13,t,The Fun Pimps,The Fun Pimps Entertainment LLC,windows;mac;linux,0,Single-player;Multi-player;Co-op;Cross-Platform Multiplayer;Steam Achievements;Full controller support;Steam Trading Cards;Includes level editor,Nudity;Violent;Gore;Action;Adventure;Indie;RPG;Simulation;Strategy;Early Access,Early Access;Survival;Zombies,43,60718,16905,2953,574,2000000-5000000,18.99,17377985,166591021,False,False,1386892800000,87
252490,Rust,2018-02-08,t,Facepunch Studios,Facepunch Studios,windows;mac,18,Multi-player;Online Multi-Player;MMO;Co-op;Online Co-op;Cross-Platform Multiplayer;Steam Achievements;Steam Trading Cards;Steam Workshop;In-App Purchases;Valve Anti-Cheat enabled;Stats,Action;Adventure;Indie;Massively Multiplayer;RPG,Survival;Crafting;Multiplayer,48,220370,53709,9352,2234,5000000-10000000,27.79,28689948,500469716,False,False,1385856000000,87
253230,A Hat in Time,2017-10-05,t,Gears for Breakfast,Gears for Breakfast,windows;mac,0,Single-player;Local Co-op;Shared/Split Screen;Steam Achievements;Full controller support;Steam Trading Cards;Captions available;Steam Workshop;Steam Cloud;Stats;Includes level editor,Adventure;Indie,3D Platformer;Cute;Female Protagonist,37,14019,292,377,376,200000-500000,22.99,1309051,23209736,False,False,1507176000000,98
254700,resident evil 4 / biohazard 4,2014-02-27,t,Capcom,Capcom,windows,16,Single-player;Steam Achievements;Full controller support;Steam Trading Cards;Captions available;Steam Cloud;Steam Leaderboards,Action;Adventure,Inventory Management;Survival Horror;Action,12,11260,2172,1073,938,500000-1000000,14.99,3024004,17988436,False,False,1393477200000,94
255710,Cities: Skylines,2015-03-10,t,Colossal Order Ltd.,Paradox Interactive,windows;mac;linux,0,Single-player;Steam Achievements;Steam Trading Cards;Steam Workshop;Partial Controller Support;Steam Cloud;Includes level editor,Simulation;Strategy,City Builder;Simulation;Building,97,67553,6005,3225,444,5000000-10000000,22.99,17455403,163070876,False,False,1425960000000,93
257510,The Talos Principle,2014-12-11,t,Croteam,Devolver Digital;Croteam,windows;mac;linux,0,Single-player;Steam Achievements;Full controller support;Steam Trading Cards;Steam Workshop;Steam Cloud;Includes level editor,Action;Adventure;Indie,Puzzle;First-Person;Sci-fi,40,17237,785,230,186,1000000-2000000,29.99,1613791,14946129,False,False,1418274000000,95
261640,Borderlands: The Pre-Sequel,2014-10-16,t,2K Australia;Gearbox Software;Aspyr (Mac);Aspyr (Linux),2K;Aspyr (Mac);Aspyr (Linux),windows;mac;linux,18,Single-player;Co-op;Steam Achievements;Full controller support;Steam Trading Cards;Steam Cloud,Action;RPG,Co-op;Action;FPS,63,16909,5076,1661,886,2000000-5000000,29.99,3132973,56407115,False,False,1413172800000,79
262060,Darkest Dungeon®,2016-01-19,t,Red Hook Studios,Red Hook Studios,windows;mac;linux,0,Single-player;Steam Achievements;Steam Trading Cards;Partial Controller Support;Steam Cloud,Indie;RPG;Strategy,Turn-Based Combat;RPG;Dungeon Crawler,104,41544,6741,1121,619,2000000-5000000,18.99,7220020,52866352,False,False,1422748800000,92
264710,Subnautica,2018-01-23,t,Unknown Worlds Entertainment,Unknown Worlds Entertainment,windows;mac,0,Single-player;Steam Achievements;Full controller support;Steam Trading Cards;VR Support,Adventure;Indie,Survival;Open World;Exploration,17,90155,5413,1446,937,2000000-5000000,19.49,9377172,128130052,False,False,1393632000000,97
265300,Lords Of The Fallen™,2014-10-28,t,CI Games;Deck 13,CI Games,windows,16,Single-player;Steam Achievements;Steam Trading Cards;Partial Controller Support;Steam Cloud,Action;RPG,Souls-like;RPG;Action,56,7393,4963,456,265,500000-1000000,23.79,1447478,17218814,False,False,1414468800000,59
265550,Dead Rising 3 Apocalypse Edition,2014-09-05,t,Capcom Game Studio Vancouver,Capcom,windows,18,Single-player;Multi-player;Co-op;Steam Achievements;Full controller support;Steam Trading Cards;Captions available;Steam Cloud;Steam Leaderboards,Action,Zombies;Action;Open World,88,7251,3060,596,522,500000-1000000,24.99,1618884,29092589,False,False,1409889600000,77
265930,Goat Simulator,2014-04-01,t,Coffee Stain Studios,Coffee Stain Publishing,windows;mac;linux,0,Single-player;Shared/Split Screen;Steam Achievements;Full controller support;Steam Trading Cards;Steam Workshop;Steam Cloud;Steam Leaderboards;Includes level editor,Casual;Indie;Simulation,Simulation;Funny;Comedy,127,45892,5779,309,149,2000000-5000000,7.19,4875798,19330815,False,False,1396324800000,91
266840,Age of Mythology: Extended Edition,2014-05-08,t,SkyBox Labs;Ensemble Studios,Microsoft Studios,windows,0,Single-player;Multi-player;Co-op;Steam Achievements;Steam Trading Cards;Steam Workshop;Steam Cloud;Stats;Steam Leaderboards;Includes level editor,Simulation;Strategy,Strategy;RTS;Mythology,70,9336,1577,668,859,1000000-2000000,22.99,2548274,21797751,False,False,1399521600000,93
268050,The Evil Within,2014-10-13,t,Tango Gameworks,Bethesda Softworks,windows,18,Single-player;Steam Achievements;Full controller support;Steam Trading Cards;Captions available;Steam Cloud,Action,Horror;Survival Horror;Psychological Horror,71,10581,2363,635,898,500000-1000000,14.99,2018633,19883999,False,False,1413172800000,85
268500,XCOM® 2,2016-02-04,t,Firaxis Games;Feral Interactive (Mac);Feral Interactive (Linux),2K;Feral Interactive (Mac);Feral Interactive (Linux),windows;mac;linux,0,Single-player;Multi-player;Cross-Platform Multiplayer;Steam Achievements;Steam Trading Cards;Steam Workshop;Steam Cloud,Strategy,Strategy;Turn-Based;Tactical,88,28774,7018,1891,1985,1000000-2000000,34.99,5259777,99098634,False,False,1454562000000,84
268910,Cuphead,2017-09-29,t,Studio MDHR Entertainment Inc.,Studio MDHR Entertainment Inc.,windows;mac,0,Single-player;Local Co-op;Shared/Split Screen;Steam Achievements;Full controller support;Steam Trading Cards;Steam Cloud,Action;Indie,Difficult;Cartoon;Platformer,28,38821,1698,620,441,1000000-2000000,14.99,7225121,101057003,False,False,1506657600000,96
269950,X-Plane 11,2017-03-30,t,Laminar Research,Laminar Research,windows;mac;linux,0,Single-player;Local Multi-Player;Partial Controller Support;Includes level editor,Simulation,Simulation;Flight;Realistic,0,2033,443,44169,44169,100000-200000,54.99,602771,19191944,False,False,1490846400000,93
270880,American Truck Simulator,2016-02-02,t,SCS Software,SCS Software,windows;mac;linux,0,Single-player;Steam Achievements;Steam Trading Cards;Steam Workshop;Partial Controller Support;Steam Cloud;Includes level editor,Indie;Simulation,Simulation;Driving;Open World,43,25316,2096,2086,1694,1000000-2000000,14.99,7046873,48716101,False,False,1454389200000,97
274170,Hotline Miami 2: Wrong Number,2015-03-10,t,Dennaton Games,Devolver Digital,windows;mac;linux,0,Single-player;Steam Achievements;Full controller support;Steam Workshop;Steam Leaderboards;Includes level editor,Action;Indie,Great Soundtrack;Gore;Pixel Graphics,29,21838,1933,447,309,1000000-2000000,11.99,2766575,12643596,False,False,1425960000000,94
274190,Broforce,2015-10-15,t,Free Lives,Devolver Digital,windows;mac;linux,0,Single-player;Multi-player;Co-op;Shared/Split Screen;Full controller support;Includes level editor,Action;Adventure;Casual;Indie,America;Action;Pixel Graphics,17,31033,1059,498,459,1000000-2000000,11.99,3530303,18718192,False,False,1396310400000,97
275850,No Man's Sky,2016-08-12,t,Hello Games,Hello Games,windows,0,Single-player;Multi-player;Online Multi-Player;Co-op;Online Co-op;Steam Achievements;Full controller support;Steam Cloud,Action;Adventure,Open World;Space;Exploration,27,63444,56488,2004,1222,1000000-2000000,39.99,10876596,379399166,False,False,1470974400000,84
278080,DYNASTY WARRIORS 8: Xtreme Legends Complete Edition / 真・三國無双７ with 猛将伝,2014-05-13,t,"KOEI TECMO GAMES CO., LTD.","KOEI TECMO GAMES CO., LTD.",windows,0,Single-player;Shared/Split Screen;Steam Achievements;Partial Controller Support,Action,Hack and Slash;Action;Historical,44,4596,1091,200,356,200000-500000,39.99,1078285,19272618,False,False,1399953600000,84
280790,Creativerse,2017-05-08,t,Playful Corp.,Playful Corp.,windows;mac,0,Single-player;Multi-player;Online Multi-Player;MMO;Co-op;Online Co-op;Steam Trading Cards;Steam Workshop;In-App Purchases,Action;Adventure;Casual;Free to Play;Indie;Massively Multiplayer;RPG;Simulation,Free to Play;Survival;Multiplayer,0,19114,4911,3292,138,2000000-5000000,0,1892564,31266026,False,False,1406851200000,78
281990,Stellaris,2016-05-09,t,Paradox Development Studio,Paradox Interactive,windows;mac;linux,0,Single-player;Multi-player;Cross-Platform Multiplayer;Steam Achievements;Steam Trading Cards;Steam Workshop;Steam Cloud,Simulation;Strategy,Space;Strategy;Grand Strategy,95,35327,10036,2729,1563,2000000-5000000,34.99,8087745,110617501,False,False,1462766400000,87
282070,This War of Mine,2014-11-14,t,11 bit studios,11 bit studios,windows;mac;linux,0,Single-player;Steam Achievements;Full controller support;Steam Trading Cards;Steam Workshop;Steam Cloud,Adventure;Indie;Simulation,Survival;War;Atmospheric,42,47258,2571,512,347,2000000-5000000,14.99,7018276,35628655,False,False,1415941200000,94
284160,BeamNG.drive,2015-05-29,t,BeamNG,BeamNG,windows,0,Single-player;Steam Achievements;Steam Trading Cards;Partial Controller Support;Includes level editor,Racing;Simulation;Early Access,Early Access;Simulation;Driving,7,15168,1536,2038,1990,500000-1000000,18.99,8912244,168653493,False,True,1406851200000,97
285190,"Warhammer 40,000: Dawn of War III",2017-04-27,t,Relic Entertainment;Feral Interactive (Mac);Feral Interactive (Linux),SEGA;Feral Interactive (Mac);Feral Interactive (Linux),windows;mac;linux,0,Single-player;Online Multi-Player;Steam Achievements;Steam Trading Cards;Steam Workshop;Steam Cloud;Stats;Includes level editor,Violent;Gore;Action;Simulation;Strategy,Warhammer 40K;Strategy;RTS,84,6793,8336,704,817,500000-1000000,29.99,996911,31582204,False,False,1493265600000,48
285900,Gang Beasts,2017-12-12,t,Boneloaf,Double Fine Presents,windows;mac;linux,0,Multi-player;Online Multi-Player;Local Multi-Player;Shared/Split Screen;Steam Achievements;Full controller support,Action;Adventure;Casual;Indie,Funny;Multiplayer;Fighting,19,13439,5880,681,141,1000000-2000000,14.99,4629078,48350240,False,False,1406851200000,85
285920,TerraTech,2018-08-10,t,Payload Studios,Payload Studios,windows;mac;linux,0,Single-player;Online Multi-Player;Online Co-op;Steam Achievements;Steam Trading Cards;Steam Workshop;Partial Controller Support,Action;Indie,Building;Open World;Sandbox,15,4769,1022,3140,5442,200000-500000,19.99,1086230,13954464,False,False,1406851200000,91
286160,Tabletop Simulator,2015-06-05,t,Berserk Games,Berserk Games,windows;mac;linux,0,Single-player;Multi-player;Online Multi-Player;Local Multi-Player;Co-op;Online Co-op;Local Co-op;Shared/Split Screen;Cross-Platform Multiplayer;Steam Achievements;Full controller support;Steam Trading Cards;Steam Workshop;Steam Cloud;Includes level editor,Casual;Indie;RPG;Simulation;Strategy,Board Game;Simulation;Multiplayer,27,13243,777,729,452,1000000-2000000,14.99,8465476,85640546,False,False,1396310400000,96
286690,Metro 2033 Redux,2014-08-27,t,4A Games,Deep Silver,windows;mac;linux,0,Single-player;Steam Achievements;Full controller support;Steam Trading Cards;Steam Cloud,Action,Post-apocalyptic;Atmospheric;FPS,49,28179,7313,434,350,2000000-5000000,14.99,6471838,28599170,False,False,1408939200000,92
287390,Metro: Last Light Redux,2014-08-27,t,4A Games,Deep Silver,windows;mac;linux,0,Single-player;Steam Achievements;Full controller support;Steam Trading Cards;Steam Cloud,Action,Post-apocalyptic;Atmospheric;FPS,49,23483,5874,363,328,2000000-5000000,14.99,4216598,17400265,False,False,1408939200000,91
287700,METAL GEAR SOLID V: THE PHANTOM PAIN,2015-09-01,t,Konami Digital Entertainment,Konami Digital Entertainment,windows,18,Single-player;Multi-player;Steam Achievements;Full controller support;Steam Trading Cards;Captions available;Steam Cloud;Steam Leaderboards,Action;Adventure,Stealth;Open World;Story Rich,42,38643,4954,3007,2478,1000000-2000000,24.99,4425886,105642864,False,False,1441080000000,92
288470,Fable Anniversary,2014-09-12,t,Lionhead Studios,Microsoft Studios,windows,0,Single-player;Steam Achievements;Full controller support;Steam Trading Cards;Steam Workshop;Steam Cloud,RPG,RPG;Classic;Adventure,50,4036,1119,708,1052,500000-1000000,26.99,1354295,16514386,False,False,1406851200000,86
289070,Sid Meier’s Civilization® VI,2016-10-20,t,Firaxis Games;Aspyr (Mac);Aspyr (Linux),2K;Aspyr (Mac);Aspyr (Linux),windows;mac;linux,0,Single-player;Multi-player;Steam Achievements;Steam Trading Cards;Steam Workshop,Strategy,Strategy;Turn-Based Strategy;Historical,241,39127,18325,3371,2390,2000000-5000000,49.99,23485071,387223685,False,False,1476936000000,86
289130,Endless Legend™,2014-09-18,t,AMPLITUDE Studios,SEGA,windows;mac,0,Single-player;Multi-player;Online Multi-Player;Cross-Platform Multiplayer;Steam Achievements;Steam Trading Cards;Steam Workshop;Partial Controller Support;Steam Cloud,RPG;Strategy,Strategy;Turn-Based;4X,139,10015,2107,1045,727,1000000-2000000,22.99,2447116,28289781,False,False,1396310400000,84
289650,Assassin's Creed® Unity,2014-12-19,t,Ubisoft,Ubisoft,windows,0,Single-player;Multi-player;Co-op;In-App Purchases;Partial Controller Support,Action;Adventure,Open World;Parkour;Assassin,0,12350,7354,1686,1790,500000-1000000,25.99,4013489,58463209,False,False,1415682000000,78
290080,Life is Feudal: Your Own,2015-11-17,t,Bitbox Ltd.,Bitbox Ltd.,windows,0,Multi-player;Co-op;Steam Achievements;Steam Trading Cards;Stats,Action;Indie;RPG;Simulation,Open World;Medieval;Survival,150,6167,3395,3497,3837,200000-500000,15.49,692128,15783488,False,False,1409529600000,66
291480,Warface,2014-07-01,t,My.com,My.com,windows,16,Multi-player;Online Multi-Player;MMO;Co-op;Online Co-op;Steam Achievements;Steam Trading Cards;In-App Purchases,Action;Free to Play;Massively Multiplayer,Free to Play;FPS;Multiplayer,30,32751,14409,949,104,10000000-20000000,0,13068546,38461406,False,False,1404187200000,66
291550,Brawlhalla,2017-10-17,t,Blue Mammoth Games,Ubisoft,windows;mac,0,Single-player;Multi-player;Online Multi-Player;Local Multi-Player;Co-op;Online Co-op;Local Co-op;Shared/Split Screen;Cross-Platform Multiplayer;Steam Achievements;Full controller support;Steam Trading Cards,Action;Free to Play;Indie,Free to Play;Multiplayer;Fighting,39,73268,14489,724,146,10000000-20000000,0,33264541,105899387,False,False,1396310400000,81
291650,Pillars of Eternity,2015-03-26,t,Obsidian Entertainment,Paradox Interactive,windows;mac;linux,0,Single-player;Steam Achievements;Steam Trading Cards;Steam Cloud;Commentary available,RPG,RPG;Fantasy;Isometric,48,11558,1835,1710,2177,1000000-2000000,22.99,1726969,35831737,False,False,1427342400000,88
292030,The Witcher® 3: Wild Hunt,2015-05-18,t,CD PROJEKT RED,CD PROJEKT RED,windows,0,Single-player;Steam Achievements;Full controller support;Steam Trading Cards;Steam Cloud,RPG,Open World;RPG;Story Rich,78,202930,4798,3068,2002,5000000-10000000,24.99,27746408,370121094,False,False,1431921600000,97
292730,Call of Duty®: Infinite Warfare,2016-11-03,t,Infinity Ward,Activision,windows,18,Single-player;Online Multi-Player;Online Co-op;Steam Achievements;Full controller support;Valve Anti-Cheat enabled,Action;Adventure,Action;FPS;Multiplayer,88,7821,10570,3609,3890,500000-1000000,39.99,1226170,50691368,False,False,1478145600000,60
293760,Automation - The Car Company Tycoon Game,2015-03-12,t,Camshaft Software,Camshaft Software,windows,0,Single-player,Simulation;Strategy;Early Access,Early Access;Simulation;Management,0,1529,295,209,209,50000-100000,22.99,627067,15307127,False,True,1426132800000,94
294100,RimWorld,2018-10-17,t,Ludeon Studios,Ludeon Studios,windows;mac;linux,0,Single-player;Steam Workshop;Steam Cloud,Indie;Simulation;Strategy,Base-Building;Survival;Strategy,0,38556,857,5017,2106,1000000-2000000,27.79,6733165,185620519,False,False,1467331200000,98
298110,Far Cry® 4,2014-12-01,t,"Ubisoft Montreal, Red Storm, Shanghai, Toronto, Kiev",Ubisoft,windows,0,Single-player;Multi-player;Co-op;Partial Controller Support,Action;Adventure,Open World;Action;FPS,0,17082,4740,1062,977,1000000-2000000,25.99,3608526,55233424,False,False,1414814400000,84
298630,The Escapists,2015-02-13,t,Mouldy Toof Studios,Team17 Digital Ltd,windows;mac;linux,0,Single-player;Steam Achievements;Steam Trading Cards;Steam Workshop;Steam Cloud;Steam Leaderboards,Action;Adventure;Indie;Simulation;Strategy,Pixel Graphics;Strategy;Crafting,37,11629,1432,826,590,1000000-2000000,12.99,1738514,12710289,False,False,1401580800000,90
299740,Miscreated,2018-12-18,t,Entrada Interactive LLC,Entrada Interactive LLC,windows,0,Multi-player;Online Multi-Player;MMO;Steam Achievements;Steam Trading Cards;Partial Controller Support;Valve Anti-Cheat enabled,Action;Adventure;Indie;Massively Multiplayer;RPG;Simulation;Strategy,Survival;Open World;Multiplayer,29,17255,7903,619,675,500000-1000000,19.49,1251212,13162610,False,False,1412121600000,66
301640,Zombie Army Trilogy,2015-03-06,t,Rebellion,Rebellion,windows,0,Single-player;Co-op;Steam Achievements;Full controller support;Steam Trading Cards;Steam Cloud;Steam Leaderboards,Action,Zombies;Action;Co-op,68,8472,1330,400,381,500000-1000000,29.99,1664961,16802645,False,False,1425618000000,86
302510,Ryse: Son of Rome,2014-10-10,t,Crytek,Crytek ,windows,18,Single-player;Multi-player;Co-op;Steam Achievements;Full controller support;Steam Trading Cards;Steam Cloud;Stats;Steam Leaderboards,Action,Quick-Time Events;Rome;Action,73,14966,2939,225,198,1000000-2000000,11.99,2255074,16714422,False,False,1412913600000,87
304050,Trove,2015-07-09,t,Trion Worlds,Trion Worlds,windows;mac,0,Online Multi-Player;MMO;Co-op;Steam Achievements;Steam Trading Cards;Steam Workshop;In-App Purchases,Action;Adventure;Casual;Free to Play;Massively Multiplayer;RPG,Free to Play;Open World;Multiplayer,16,47897,13708,2602,184,5000000-10000000,0,11272138,52105262,False,False,1436414400000,80
304240,Resident Evil / biohazard HD REMASTER,2015-01-19,t,"CAPCOM Co., Ltd.","CAPCOM Co., Ltd.",windows,0,Single-player;Steam Achievements;Full controller support;Steam Trading Cards;Steam Cloud;Steam Leaderboards,Action;Adventure,Survival Horror;Zombies;Horror,44,6313,661,604,1049,500000-1000000,15.99,1521973,13064627,False,False,1421643600000,92
304390,FOR HONOR™,2017-02-13,t,Ubisoft Montreal;Ubisoft Quebec;Ubisoft Toronto;Blue Byte,Ubisoft,windows,0,Single-player;Online Multi-Player;Online Co-op;Steam Trading Cards;In-App Purchases;Partial Controller Support,Action,Medieval;Action;Swordplay,0,34790,25920,951,696,2000000-5000000,12.49,9261304,174165274,False,False,1486962000000,69
304430,INSIDE,2016-07-07,t,Playdead,Playdead,windows,0,Single-player;Steam Achievements;Full controller support;Steam Cloud,Action;Adventure;Indie,Atmospheric;Dark;Indie,14,19660,934,297,408,500000-1000000,14.99,2596862,14978422,False,False,1467864000000,97
305620,The Long Dark,2017-08-01,t,Hinterland Studio Inc.,Hinterland Studio Inc.,windows;mac;linux,0,Single-player;Steam Achievements;Full controller support;Steam Trading Cards;Steam Cloud,Adventure;Indie;Simulation;Strategy,Survival;Open World;Exploration,40,45856,4298,760,227,1000000-2000000,23.79,5336821,51386159,False,False,1409529600000,91
306130,The Elder Scrolls® Online,2017-05-22,t,Zenimax Online Studios,Bethesda Softworks,windows;mac,18,MMO;Steam Trading Cards;Partial Controller Support,Massively Multiplayer;RPG,RPG;Open World;MMORPG,0,33719,11672,10659,3143,1000000-2000000,14.99,9670632,97346507,False,False,1404172800000,81
307690,Sleeping Dogs: Definitive Edition,2014-10-08,t,United Front Games;Feral Interactive (Mac),SQUARE ENIX;Feral Interactive (Mac),windows;mac,18,Single-player;Steam Achievements;Full controller support;Steam Leaderboards,Action;Adventure;Racing,Open World;Action;Martial Arts,59,15529,1904,636,602,1000000-2000000,19.99,3921788,16982957,False,False,1412740800000,94
307780,Mortal Kombat X,2015-04-13,t,NetherRealm Studios;QLOC,Warner Bros. Interactive Entertainment,windows,18,Single-player;Multi-player;Steam Achievements;Full controller support;Steam Trading Cards;Steam Cloud;Steam Leaderboards,Action,Fighting;Gore;Action,73,21484,7154,1030,446,1000000-2000000,15.99,3512160,51029333,False,False,1428897600000,86
310950,Street Fighter V,2016-02-15,t,Capcom,Capcom,windows,0,Single-player;Multi-player;Cross-Platform Multiplayer;Steam Achievements;Full controller support;Steam Trading Cards,Action,Fighting;Multiplayer;Competitive,45,8300,8498,793,1203,500000-1000000,15.99,2792789,46519002,False,False,1455512400000,68
311210,Call of Duty®: Black Ops III,2015-11-05,t,Treyarch;Aspyr (Mac),Activision;Aspyr (Mac),windows;mac,18,Single-player;Multi-player;Co-op;Steam Achievements;Full controller support;Steam Trading Cards;Steam Workshop;Valve Anti-Cheat enabled;Steam Leaderboards,Action;Adventure,Multiplayer;FPS;Zombies,98,36255,23157,4925,2513,1000000-2000000,44.99,7376938,208300372,False,False,1446699600000,85
311690,Enter the Gungeon,2016-04-05,t,Dodge Roll,Devolver Digital,windows;mac;linux,0,Single-player;Shared/Split Screen;Steam Achievements;Full controller support;Steam Cloud,Action;Adventure;Indie,Bullet Hell;Pixel Graphics;Rogue-like,54,24947,1573,1625,1060,1000000-2000000,10.99,4483061,29470537,False,False,1459828800000,95
312520,Rain World,2017-03-28,t,Videocult,Adult Swim Games,windows,0,Single-player;Local Multi-Player;Steam Achievements;Full controller support,Action;Adventure;Indie,Atmospheric;Survival;Platformer,21,1497,263,803,803,100000-200000,14.99,1494321,16559217,False,False,1490673600000,94
312660,Sniper Elite 4,2017-02-13,t,Rebellion,Rebellion,windows,0,Single-player;Multi-player;Co-op;Steam Achievements;Full controller support;Steam Trading Cards;Steam Cloud;Steam Leaderboards,Action;Adventure,Sniper;Multiplayer;Shooter,85,10885,1910,522,579,500000-1000000,39.99,6024318,87280056,False,False,1486962000000,91
313120,Stranded Deep,2015-01-23,t,Beam Team Games,Beam Team Pty Ltd,windows;mac;linux,0,Single-player;Full controller support;Includes level editor,Adventure;Indie;Early Access,Early Access;Survival;Open World,8,15604,5459,272,246,500000-1000000,10.99,2524281,28733650,False,False,1421989200000,74
313160,Farming Simulator 15,2014-10-30,t,Giants Software,Giants Software,windows;mac,0,Single-player;Multi-player;Co-op;Cross-Platform Multiplayer;Steam Achievements;Steam Trading Cards;Partial Controller Support;Steam Cloud,Simulation,Simulation;Multiplayer;Open World,16,10219,1066,1902,2660,500000-1000000,15.49,994404,13034302,False,False,1414641600000,92
314160,Microsoft Flight Simulator X: Steam Edition,2014-12-18,t,Microsoft Game Studios,Dovetail Games - Flight,windows,0,Single-player;Multi-player;Partial Controller Support,Simulation,Simulation;Flight;Realistic,0,8859,2282,991,1224,1000000-2000000,19.99,1832648,15331308,False,False,1418878800000,86
319630,Life is Strange - Episode 1,2015-01-29,t,DONTNOD Entertainment;Feral Interactive (Mac);Feral Interactive (Linux),Square Enix;Feral interactive (Mac);Feral Interactive (Linux),windows;mac;linux,16,Single-player;Steam Achievements;Full controller support;Steam Trading Cards;Steam Cloud,Action;Adventure,Story Rich;Choices Matter;Great Soundtrack,60,118634,4496,412,145,5000000-10000000,0,7318723,21621273,False,False,1422507600000,96
320240,We Happy Few,2018-08-10,t,Compulsion Games,Gearbox Publishing,windows,0,Single-player;Steam Achievements;Full controller support;Steam Workshop;Steam Cloud,Action;Adventure;Indie,Open World;Survival;Psychological Horror,50,3130,1333,308,308,100000-200000,44.99,676084,14846338,False,False,1467331200000,77
322170,Geometry Dash,2014-12-22,t,RobTop Games,RobTop Games,windows;mac,0,Single-player;Steam Achievements;Steam Trading Cards;Partial Controller Support;Includes level editor,Action;Indie,Difficult;Great Soundtrack;Music,120,52737,2990,5546,1471,1000000-2000000,2.79,9088280,20678108,False,False,1419224400000,93
322330,Don't Starve Together,2016-04-21,t,Klei Entertainment,Klei Entertainment,windows;mac;linux,0,Single-player;Multi-player;Co-op;Cross-Platform Multiplayer;Full controller support;Steam Trading Cards;Steam Workshop,Adventure;Indie;Simulation,Survival;Multiplayer;Co-op,0,108601,4206,1070,404,5000000-10000000,10.99,32479307,204380876,False,False,1417392000000,95
322500,SUPERHOT,2016-02-25,t,SUPERHOT Team,SUPERHOT Team,windows;mac;linux,0,Single-player;Steam Achievements;Full controller support;Steam Trading Cards,Action;Indie,FPS;Action;Bullet Time,26,14847,2202,212,203,1000000-2000000,17.99,2124004,28358493,False,False,1456376400000,91
323190,Frostpunk,2018-04-24,t,11 bit studios,11 bit studios,windows,16,Single-player;Steam Achievements;Steam Trading Cards;Steam Cloud,Simulation;Strategy,City Builder;Survival;Strategy,75,22952,3202,1084,618,1000000-2000000,24.99,6630177,74564035,False,False,1524542400000,93
323470,DRAGON BALL XENOVERSE,2015-02-26,t,DIMPS,BANDAI NAMCO Entertainment,windows,0,Single-player;Multi-player;Co-op;Steam Achievements;Full controller support;Steam Trading Cards;Steam Cloud;Steam Leaderboards,Action,Anime;Fighting;Action,50,12601,1680,2575,2530,500000-1000000,31.99,1081721,23135038,False,False,1424926800000,90
324800,Shadow Warrior 2,2016-10-13,t,Flying Wild Hog,Devolver Digital,windows,0,Single-player;Co-op;Online Co-op;Steam Achievements;Full controller support;Steam Trading Cards;Steam Cloud,Action;Adventure,Action;Gore;FPS,64,10152,1406,993,1655,200000-500000,34.99,2597387,34409912,False,False,1476331200000,87
325610,Total War: ATTILA,2015-02-17,t,CREATIVE ASSEMBLY,SEGA,windows;mac;linux,0,Single-player;Multi-player;Steam Achievements;Steam Trading Cards;Steam Cloud,Strategy,Strategy;Historical;War,118,12297,4469,2147,2926,1000000-2000000,29.99,2011611,33143743,False,False,1424149200000,82
326460,ShellShock Live,2015-03-11,t,kChamp Games,kChamp Games,windows;mac;linux,0,Single-player;Multi-player;Online Multi-Player;Local Multi-Player;Steam Achievements;Steam Trading Cards;Partial Controller Support;Stats,Action;Casual;Indie;Massively Multiplayer;Strategy;Early Access,Early Access;Tanks;Multiplayer,58,11426,1264,1218,1048,1000000-2000000,4.99,2654288,13034942,False,False,1425168000000,93
329110,Gems of War - Puzzle RPG,2014-11-20,t,Infinity Plus 2,505 Games,windows,0,Single-player;Multi-player;Cross-Platform Multiplayer;Steam Achievements;Steam Trading Cards;In-App Purchases;Partial Controller Support;Steam Cloud,Action;Adventure;Casual;Free to Play;RPG;Strategy,Free to Play;Match 3;RPG,62,3198,988,503,700,200000-500000,0,1227620,14239631,False,False,1416459600000,79
330830,Tales from the Borderlands,2014-11-25,t,Telltale Games,Telltale Games,windows;mac,18,Single-player;Steam Achievements;Full controller support,Adventure,Comedy;Adventure;Story Rich,35,14338,697,524,518,1000000-2000000,11.99,800816,13585926,False,False,1414800000000,94
332310,LEGO® Worlds,2017-03-07,t,TT Games;Traveller's Tales,Warner Bros. Interactive Entertainment,windows,0,Single-player;Online Multi-Player;Online Co-op;Shared/Split Screen;Steam Achievements;Full controller support,Adventure,LEGO;Open World;Building,71,9013,2738,723,783,500000-1000000,24.99,1065022,12958294,False,False,1433116800000,78
335300,DARK SOULS™ II: Scholar of the First Sin,2015-04-01,t,"FromSoftware, Inc","BANDAI NAMCO Entertainment;FromSoftware, Inc",windows,16,Single-player;Multi-player;Co-op;Steam Achievements;Full controller support,Action;RPG,RPG;Dark Fantasy;Difficult,38,25959,4289,3189,2442,1000000-2000000,29.99,3902032,50378655,False,False,1427860800000,84
337000,Deus Ex: Mankind Divided,2016-08-23,t,Eidos Montreal;Feral Interactive (Linux);Feral Interactive (Mac),Square Enix;Feral Interactive (Linux);Feral Interactive (Mac),windows;mac;linux,18,Single-player;Steam Achievements;Full controller support;Steam Trading Cards;Steam Cloud,Action;RPG,Cyberpunk;Stealth;Action,81,16023,7344,798,977,1000000-2000000,19.99,2319398,46238254,False,False,1471924800000,76
339610,Freestyle 2: Street Basketball,2015-04-01,t,Joycity,Joycity,windows,0,Online Multi-Player;MMO;Online Co-op;Steam Trading Cards;Partial Controller Support,Action;Casual;Free to Play;Massively Multiplayer;Sports,Free to Play;Basketball;Sports,0,5781,2192,1571,755,2000000-5000000,0,2549660,27506011,False,False,1427860800000,72
342180,Arizona Sunshine,2016-12-06,t,Vertigo Games;Jaywalkers Interactive,Vertigo Games,windows,18,Single-player;Multi-player;Online Multi-Player;Online Co-op;Steam Achievements;Steam Trading Cards;VR Support;SteamVR Collectibles;Steam Cloud;Steam Leaderboards,Action;Adventure;Indie,Zombies;VR;Horror,42,3164,550,128,128,200000-500000,29.99,981378,21939830,False,False,1481000400000,79
346010,Besiege,2015-01-28,t,Spiderling Studios,Spiderling Studios,windows;mac;linux,0,Single-player;Multi-player;Co-op;Cross-Platform Multiplayer;Steam Achievements;Steam Workshop;Includes level editor,Indie;Simulation;Early Access,Early Access;Building;Sandbox,26,25880,1364,644,310,2000000-5000000,6.99,4510898,21926990,False,False,1420070400000,95
346110,ARK: Survival Evolved,2017-08-27,t,Studio Wildcard;Instinct Games;Efecto Studios;Virtual Basement LLC,Studio Wildcard,windows;mac;linux,0,Single-player;Multi-player;MMO;Co-op;Steam Achievements;Full controller support;VR Support;Steam Workshop;Steam Cloud;Valve Anti-Cheat enabled;Includes level editor,Action;Adventure;Indie;Massively Multiplayer;RPG,Survival;Open World;Multiplayer,32,145035,66603,14154,1470,5000000-10000000,44.99,34394340,457359548,False,False,1433116800000,83
349040,NARUTO SHIPPUDEN: Ultimate Ninja STORM 4,2016-02-04,t,CyberConnect2 Co. Ltd.,BANDAI NAMCO Entertainment,windows,0,Single-player;Multi-player;Steam Achievements;Full controller support;Steam Cloud;Steam Leaderboards,Action;Adventure,Anime;Fighting;Action,53,17336,3456,767,635,1000000-2000000,24.99,5100758,53043815,False,False,1454562000000,91
356190,Middle-earth™: Shadow of War™,2017-10-09,t,Monolith Productions,WB Games,windows,18,Single-player;Steam Achievements;Full controller support;Steam Trading Cards;In-App Purchases;Steam Cloud,Action;Adventure;RPG,Open World;Action;RPG,72,19813,5633,1587,1265,1000000-2000000,34.99,6290413,107798810,False,False,1507521600000,89
359320,Elite Dangerous,2015-04-02,t,Frontier Developments,Frontier Developments,windows,0,Single-player;Multi-player;MMO;Co-op;VR Support;Partial Controller Support,Action;Adventure;Massively Multiplayer;RPG;Simulation;Strategy,Space Sim;Space;Open World,0,26143,11006,4545,2579,1000000-2000000,19.99,4061795,55566873,False,False,1427947200000,77
359550,Tom Clancy's Rainbow Six® Siege,2015-12-01,t,Ubisoft Montreal,Ubisoft,windows,0,Single-player;Multi-player;Co-op;Steam Trading Cards;In-App Purchases;Partial Controller Support,Action,FPS;Multiplayer;Tactical,0,251178,59620,7504,2543,5000000-10000000,16.99,36681821,547459836,False,False,1448946000000,83
359870,FINAL FANTASY X/X-2 HD Remaster,2016-05-12,t,Square Enix,Square Enix,windows,12,Single-player;Steam Achievements;Steam Trading Cards;Partial Controller Support;Steam Cloud,RPG,JRPG;Story Rich;RPG,69,6334,723,596,682,500000-1000000,19.99,1358204,23113132,False,False,1463025600000,89
360430,Mafia III,2016-10-06,t,Hangar 13;Aspyr (Mac),2K;Aspyr (Mac),windows;mac,18,Single-player;Steam Achievements;Full controller support;Steam Trading Cards;Steam Cloud,Sexual Content;Nudity;Violent;Gore;Action;Adventure,Crime;Open World;Action,85,13366,13650,564,548,1000000-2000000,34.99,2540445,66201867,False,False,1475280000000,57
361420,ASTRONEER,2019-02-05,t,System Era Softworks,System Era Softworks,windows,0,Single-player;Online Co-op;Full controller support,Adventure;Indie,Open World;Survival;Multiplayer,54,28375,5246,1213,1089,1000000-2000000,23.79,5316712,80783176,False,False,1480550400000,92
362890,Black Mesa,2015-05-05,t,Crowbar Collective,Crowbar Collective,windows;linux,0,Single-player;Multi-player;Online Multi-Player;Cross-Platform Multiplayer;Steam Achievements;Steam Trading Cards;Captions available;Steam Workshop;Partial Controller Support;Steam Cloud;Includes level editor;Includes Source SDK,Action;Adventure;Indie;Early Access,Early Access;FPS;Remake,25,14113,999,715,794,1000000-2000000,14.99,4114533,27859729,False,False,1430438400000,95
362960,Tyranny,2016-11-10,t,Obsidian Entertainment,Paradox Interactive,windows;mac;linux,0,Single-player;Steam Achievements;Steam Trading Cards;Steam Cloud,Adventure;RPG,RPG;Story Rich;Choices Matter,70,6121,1001,1570,1899,200000-500000,23.79,766829,16952429,False,False,1478754000000,87
363150,ROMANCE OF THE THREE KINGDOMS XIII / 三國志13,2016-01-27,t,"KOEI TECMO GAMES CO., LTD.","KOEI TECMO GAMES CO., LTD.",windows,0,Single-player;Steam Cloud,Simulation,Strategy;Simulation;Historical,0,2183,2520,0,0,200000-500000,49.99,381642,12686488,False,False,1451606400000,58
364360,Total War: WARHAMMER,2016-05-24,t,CREATIVE ASSEMBLY;Feral Interactive (Linux);Feral Interactive (Mac),SEGA;Feral Interactive (Linux);Feral Interactive (Mac),windows;mac;linux,0,Single-player;Multi-player;Steam Achievements;Steam Trading Cards;Steam Workshop,Action;Strategy,Strategy;Fantasy;War,185,29826,9878,3610,4356,1000000-2000000,39.99,2991480,104620949,False,False,1464062400000,78
365590,Tom Clancy’s The Division™,2016-03-07,t,Massive Entertainment,Ubisoft,windows,18,Single-player;Multi-player;Co-op;Steam Trading Cards;In-App Purchases,Action;Adventure;RPG,Open World;Multiplayer;Third-Person Shooter,0,49832,25607,4252,1952,2000000-5000000,41.99,4178999,101551335,False,False,1457326800000,71
367500,Dragon's Dogma: Dark Arisen,2016-01-15,t,Capcom,Capcom,windows,0,Single-player;Steam Achievements;Full controller support;Steam Trading Cards;Steam Cloud;Steam Leaderboards,Action;Adventure;RPG,RPG;Open World;Character Customization,59,12856,1688,1355,1137,1000000-2000000,23.99,3050356,31621422,False,False,1452834000000,88
367520,Hollow Knight,2017-02-24,t,Team Cherry,Team Cherry,windows;mac;linux,0,Single-player;Steam Achievements;Full controller support;Steam Trading Cards;Steam Cloud,Action;Adventure;Indie,Metroidvania;Difficult;Great Soundtrack,63,40167,1927,1286,1245,1000000-2000000,10.99,11956930,95343499,False,False,1487912400000,97
368070,Sniper Ghost Warrior 3,2017-04-24,t,CI Games,CI Games,windows,0,Single-player;Multi-player;Online Multi-Player;Steam Achievements;Partial Controller Support;Steam Cloud,Violent;Action,Sniper;Action;Open World,48,2973,2465,1800,1800,200000-500000,23.79,1280584,17292014,False,False,1493006400000,67
368500,Assassin's Creed® Syndicate,2015-11-18,t,"Ubisoft Quebec, in collaboration with Ubisoft Annecy, Bucharest, Kiev, Montreal, Montpellier, Shanghai, Singapore, Sofia, Toronto studios",Ubisoft,windows,0,Single-player;In-App Purchases;Partial Controller Support,Action;Adventure,Assassin;Open World;Action,0,7203,2391,564,680,500000-1000000,33.99,1808834,25504915,False,False,1447822800000,80
371660,Far Cry® Primal,2016-02-29,t,Ubisoft,Ubisoft,windows,18,Single-player;Steam Trading Cards;Partial Controller Support,Action;Adventure,Open World;Survival;Action,0,8428,2633,949,923,500000-1000000,41.99,2168563,37082818,False,False,1456722000000,86
372000,Tree of Savior (English Ver.),2016-03-28,t,"IMCGAMES Co.,Ltd.","IMCGAMES Co.,Ltd.",windows,0,MMO;Steam Trading Cards;In-App Purchases;Partial Controller Support;Valve Anti-Cheat enabled,Free to Play;Massively Multiplayer;RPG,MMORPG;Massively Multiplayer;Free to Play,0,9323,5897,2119,760,2000000-5000000,0,2303193,30433812,False,False,1459137600000,64
373420,Divinity: Original Sin - Enhanced Edition,2015-10-27,t,Larian Studios,Larian Studios,windows;mac;linux,0,Single-player;Multi-player;Co-op;Shared/Split Screen;Cross-Platform Multiplayer;Steam Achievements;Full controller support;Steam Trading Cards;Captions available;Steam Cloud,Adventure;Indie;RPG;Strategy,RPG;Turn-Based;Co-op,54,10601,1201,1559,1190,1000000-2000000,29.99,2657978,34808311,False,False,1445918400000,90
374040,Portal Knights,2017-05-18,t,Keen Games,505 Games,windows,0,Single-player;Multi-player;Co-op;Steam Achievements;Steam Workshop;Partial Controller Support;Steam Cloud,Action;Adventure;RPG,Adventure;Open World;Sandbox,29,10837,2531,1241,1247,500000-1000000,14.99,1654248,13818890,False,False,1454284800000,83
374320,DARK SOULS™ III,2016-04-11,t,"FromSoftware, Inc.","FromSoftware, Inc.;BANDAI NAMCO Entertainment",windows,0,Single-player;Multi-player;Co-op;Steam Achievements;Full controller support;Steam Trading Cards,Action,Dark Fantasy;Difficult;RPG,43,100412,9953,4222,1776,2000000-5000000,39.99,10348304,224648950,False,False,1460347200000,94
376210,The Isle,2015-12-01,t,Afterthought LLC,Afterthought LLC,windows,0,Multi-player;Partial Controller Support;Valve Anti-Cheat enabled,Action;Adventure;Indie;Massively Multiplayer;Simulation;Early Access,Early Access;Dinosaurs;Survival,0,7107,3219,1824,2609,200000-500000,14.99,2600110,35762448,False,True,1448946000000,81
377160,Fallout 4,2015-11-09,t,Bethesda Game Studios,Bethesda Softworks,windows,18,Single-player;Steam Achievements;Full controller support;Steam Cloud,RPG,Open World;Post-apocalyptic;Exploration,84,110376,45377,4822,2904,5000000-10000000,19.99,16444895,308653452,False,False,1447045200000,83
379430,Kingdom Come: Deliverance,2018-02-13,t,Warhorse Studios,Warhorse Studios;Deep Silver,windows,0,Single-player;Steam Achievements;Full controller support;Steam Trading Cards;Steam Cloud,Action;Adventure;RPG,Medieval;Open World;RPG,71,30024,9307,2106,2282,1000000-2000000,29.99,6348507,130569366,False,False,1518498000000,84
379720,DOOM,2016-05-12,t,id Software,Bethesda Softworks,windows,18,Single-player;Multi-player;Co-op;Steam Achievements;Steam Trading Cards;Partial Controller Support;Steam Cloud,Action,FPS;Action;Gore,54,68536,5156,751,560,2000000-5000000,14.99,8972510,128126815,False,False,1463025600000,95
380600,Fishing Planet,2017-08-28,t,Fishing Planet LLC,Fishing Planet LLC,windows;mac;linux,0,Single-player;Multi-player;Online Multi-Player;MMO;Co-op;Online Co-op;Full controller support,Free to Play;Massively Multiplayer;Simulation;Sports,Free to Play;Fishing;Simulation,0,10585,3330,196,61,2000000-5000000,0,9975861,48403136,False,False,1438387200000,87
381210,Dead by Daylight,2016-06-14,t,Behaviour Digital Inc.,Behaviour Digital Inc.,windows,0,Multi-player;Online Multi-Player;Co-op;Online Co-op;Steam Achievements;Full controller support;Steam Trading Cards;Steam Cloud,Action,Horror;Survival Horror;Multiplayer,128,140721,44985,5904,585,5000000-10000000,14.99,19995804,193986911,False,False,1465876800000,79
382310,Eco,2018-02-06,t,Strange Loop Games,Strange Loop Games,windows,0,Single-player;Multi-player;Online Multi-Player;Co-op;Online Co-op,Indie;Simulation;Early Access,Early Access;Survival;Open World,0,1875,639,2197,2582,100000-200000,23.79,876483,22795247,False,True,1517893200000,81
474960,Quantum Break,2016-09-29,t,Remedy Entertainment,Microsoft Studios,windows,0,Single-player;Steam Achievements;Full controller support;Steam Cloud,Action,Action;Story Rich;Time Manipulation,42,10249,1929,331,398,1000000-2000000,29.99,1426187,20474865,False,False,1475121600000,86
383120,Empyrion - Galactic Survival,2015-08-05,t,Eleon Game Studios,Eleon Game Studios,windows,0,Single-player;Multi-player;Co-op;Steam Workshop;Partial Controller Support,Adventure;Indie;Simulation;Strategy;Early Access,Early Access;Survival;Open World,0,11061,2777,495,739,500000-1000000,14.99,1588141,16364903,False,False,1438387200000,79
383150,Dead Island Definitive Edition,2016-05-31,t,Techland,Deep Silver,windows;linux,18,Single-player;Multi-player;Co-op;Steam Achievements;Full controller support;Steam Trading Cards;Captions available;Steam Cloud;Stats,Action,Zombies;Open World;Multiplayer,57,3513,1415,1725,533,200000-500000,11.99,2602244,13505590,False,False,1464667200000,82
383870,Firewatch,2016-02-09,t,Campo Santo,Panic;Campo Santo,windows;mac;linux,0,Single-player;Steam Achievements;Full controller support;Steam Trading Cards;Steam Cloud,Adventure;Indie,Adventure;Atmospheric;Story Rich,10,32886,5524,206,257,500000-1000000,14.99,2620426,19937577,False,False,1454994000000,90
383980,Rivals of Aether,2017-03-28,t,Dan Fornace,Dan Fornace,windows,0,Single-player;Online Multi-Player;Local Multi-Player;Local Co-op;Shared/Split Screen;Steam Achievements;Full controller support;Steam Trading Cards;Steam Cloud;Stats;Steam Leaderboards,Indie,Fighting;2D Fighter;Multiplayer,25,4814,686,245,252,500000-1000000,10.99,1051881,12441893,False,False,1441065600000,96
386070,Planetary Annihilation: TITANS,2015-08-18,t,Planetary Annihilation Inc,Planetary Annihilation Inc,windows;mac;linux,0,Single-player;Multi-player;Co-op;Cross-Platform Multiplayer;Steam Achievements,Strategy,Strategy;RTS;Space,19,5373,1375,408,579,500000-1000000,30.99,1113413,13352204,False,False,1439870400000,85
386180,Crossout,2017-07-26,t,Targem Games,Gaijin Entertainment,windows,0,Multi-player;Online Multi-Player;MMO;Co-op;Online Co-op;Steam Achievements;Full controller support;Steam Trading Cards;In-App Purchases,Action;Free to Play;Massively Multiplayer;Racing,Free to Play;Action;Building,176,12372,6196,864,126,2000000-5000000,0,8485926,30000362,False,False,1470009600000,75
386360,SMITE®,2015-09-08,t,Titan Forge Games,Hi-Rez Studios,windows,0,Multi-player;Steam Achievements;Steam Trading Cards,Action;Free to Play,Free to Play;MOBA;Multiplayer,265,34514,8895,1954,126,5000000-10000000,0,12796977,132131908,False,False,1441684800000,79
387290,Ori and the Blind Forest: Definitive Edition,2016-04-27,t,Moon Studios GmbH,Microsoft Studios,windows,0,Single-player;Steam Achievements;Full controller support;Steam Cloud;Stats,Action,Atmospheric;Great Soundtrack;Platformer,57,15886,627,322,410,1000000-2000000,14.99,3395144,25104679,False,False,1461729600000,95
387990,Scrap Mechanic,2016-01-19,t,Axolot Games,Axolot Games,windows,0,Single-player;Multi-player;Co-op;Steam Workshop;Steam Cloud,Action;Adventure;Indie;Simulation;Early Access,Early Access;Building;Multiplayer,0,15197,2777,2355,775,500000-1000000,14.99,3507313,42697885,False,True,1453179600000,92
389430,Knight Online,2016-01-25,t,Noah System;Mgame,NTTGame,windows,0,Single-player;Multi-player;MMO;Steam Trading Cards,Action;Adventure;Free to Play;Massively Multiplayer;RPG,Free to Play;MMORPG;Massively Multiplayer,0,3704,4187,113,107,2000000-5000000,0,1836516,17627382,False,False,1453698000000,51
389730,TEKKEN 7,2017-06-01,t,BANDAI NAMCO Studios Inc.,BANDAI NAMCO Entertainment,windows,0,Single-player;Multi-player;Online Multi-Player;Local Multi-Player;Shared/Split Screen;Steam Achievements;Full controller support;Steam Trading Cards;Steam Cloud;Steam Leaderboards,Action;Sports,Fighting;Action;Multiplayer,42,15372,3135,4367,7210,500000-1000000,34.99,3940686,70982490,False,False,1496289600000,83
391220,Rise of the Tomb Raider™,2016-02-09,t,Crystal Dynamics;Eidos-Montréal;Feral Interactive (Mac);Feral Interactive (Linux);Nixxes software,Square Enix;Feral Interactive (Mac);Feral Interactive (Linux),windows;mac;linux,18,Single-player;Steam Achievements;Full controller support;Steam Trading Cards;Steam Cloud;Steam Leaderboards,Action;Adventure,Adventure;Action;Lara Croft,143,49004,3838,817,656,2000000-5000000,39.99,8053238,117387125,False,False,1454994000000,94
391540,Undertale,2015-09-15,t,tobyfox,tobyfox,windows;mac;linux,0,Single-player;Steam Trading Cards,Indie;RPG,Great Soundtrack;Story Rich;Choices Matter,0,97832,4496,679,443,2000000-5000000,6.99,9007535,43198598,False,False,1442289600000,97
392110,Endless Space® 2,2017-05-18,t,AMPLITUDE Studios,SEGA,windows;mac,0,Single-player;Multi-player;Online Multi-Player;Cross-Platform Multiplayer;Steam Achievements;Steam Trading Cards;Steam Workshop;Steam Cloud,Strategy,Strategy;Space;Sci-fi,106,8161,1986,1278,1588,500000-1000000,34.99,1623387,20005325,False,False,1475280000000,83
392160,X4: Foundations,2018-11-30,t,Egosoft,Egosoft,windows,0,Single-player;Steam Achievements;Full controller support;Steam Trading Cards;Steam Workshop;Steam Cloud,Action;Simulation,Space;Simulation;Sandbox,44,3557,1714,873,873,100000-200000,39.99,1058994,30910093,False,False,1543554000000,80
393080,Call of Duty®: Modern Warfare® Remastered,2017-07-27,t,Raven Software;Beenox,Activision,windows,0,Single-player;Online Multi-Player;Online Co-op;Steam Achievements,Violent;Action,FPS;Action;Multiplayer,50,1148,1112,302,556,20000-50000,34.99,830158,19332228,False,False,1491004800000,53
393380,Squad,2015-12-14,t,Offworld Industries,Offworld Industries,windows,0,Multi-player;Online Multi-Player;Steam Trading Cards;Steam Workshop;Partial Controller Support;Valve Anti-Cheat enabled,Action;Indie;Strategy;Early Access,Early Access;FPS;Military,0,23539,6008,3173,1563,500000-1000000,32.5,7183585,182800760,False,False,1450069200000,82
393420,Hurtworld,2015-12-03,t,Bankroll Studios,Bankroll Studios,windows;mac,0,Multi-player;Co-op;Cross-Platform Multiplayer,Action;Adventure;Simulation;Early Access,Early Access;Survival;Open World,0,15574,5362,5439,7099,500000-1000000,19.49,1227838,16646679,False,False,1448928000000,76
394360,Hearts of Iron IV,2016-06-06,t,Paradox Development Studio,Paradox Interactive,windows;mac;linux,0,Single-player;Multi-player;Co-op;Cross-Platform Multiplayer;Steam Achievements;Steam Trading Cards;Steam Workshop;Steam Cloud,Simulation;Strategy,Strategy;World War II;Grand Strategy,92,34711,5251,9413,4181,1000000-2000000,34.99,9376020,150290259,False,False,1465185600000,91
394510,HELLDIVERS™ A New Hell Edition,2015-12-07,t,Arrowhead Game Studios,"PlayStation Mobile, Inc.",windows,16,Single-player;Multi-player;Co-op;Online Co-op;Local Co-op;Shared/Split Screen;Steam Achievements;Full controller support;Steam Cloud;Valve Anti-Cheat enabled,Action,Co-op;Online Co-Op;Twin Stick Shooter,39,13065,1222,1112,1416,500000-1000000,15.99,2094069,18796659,False,False,1449464400000,90
403640,Dishonored 2,2016-11-11,t,Arkane Studios,Bethesda Softworks,windows,18,Single-player;Steam Achievements;Full controller support;Steam Trading Cards;Steam Cloud,Action,Stealth;Action;First-Person,50,21022,5059,1117,1107,1000000-2000000,29.99,3986486,90444013,False,False,1478840400000,89
409710,BioShock™ Remastered,2016-09-15,t,2K Boston;2K Australia;Blind Squirrel;Feral Interactive (Mac),2K;Feral Interactive (Mac),windows;mac,18,Single-player;Steam Achievements;Full controller support;Steam Cloud;Commentary available,Action;RPG,FPS;Action;Story Rich,65,8652,5121,247,149,2000000-5000000,9.99,3720998,26332822,False,False,1473912000000,82
410320,EARTH DEFENSE FORCE 4.1 The Shadow of New Despair,2016-07-18,t,SANDLOT,D3 PUBLISHER,windows,12,Single-player;Multi-player;Co-op;Shared/Split Screen;Steam Achievements;Full controller support;Steam Trading Cards;Steam Cloud,Action,Action;Third-Person Shooter;Co-op,51,4325,267,915,1708,200000-500000,15.49,652566,15712331,False,False,1468814400000,95
410900,Forts,2017-04-19,t,EarthWork Games,EarthWork Games,windows,0,Single-player;Online Multi-Player;Online Co-op;Steam Achievements;Steam Workshop;Steam Leaderboards;Includes level editor,Action;Strategy,Strategy;Base-Building;Action,21,2073,549,1661,869,200000-500000,10.99,1759751,15507092,False,False,1492574400000,92
411300,ELEX,2017-10-17,t,Piranha Bytes,THQ Nordic,windows,0,Single-player;Steam Achievements;Full controller support;Steam Trading Cards;Steam Cloud,Action;Adventure;RPG,RPG;Open World;Singleplayer,50,7388,2427,1932,2218,500000-1000000,39.99,810057,23644727,False,False,1508212800000,74
413150,Stardew Valley,2016-02-26,t,ConcernedApe,ConcernedApe,windows;mac;linux,0,Single-player;Multi-player;Co-op;Steam Achievements;Steam Trading Cards;Partial Controller Support;Steam Cloud,Indie;RPG;Simulation,RPG;Simulation;Pixel Graphics,40,118217,3761,2868,1728,2000000-5000000,10.99,28948642,269089173,False,False,1456462800000,98
413410,Danganronpa: Trigger Happy Havoc,2016-02-18,t,"Spike Chunsoft Co., Ltd.;Abstraction Games","Spike Chunsoft Co., Ltd.",windows;mac;linux,0,Single-player;Steam Achievements;Full controller support;Steam Trading Cards;Steam Cloud,Adventure,Anime;Mystery;Visual Novel,38,5714,167,1636,1880,200000-500000,14.99,1338474,13587026,False,False,1455771600000,96
414340,Hellblade: Senua's Sacrifice,2017-08-07,t,Ninja Theory,Ninja Theory,windows,18,Single-player;Steam Achievements;Full controller support;Steam Trading Cards;Steam Cloud,Action;Adventure;Indie,Atmospheric;Psychological;Story Rich,14,20227,1805,455,477,500000-1000000,24.99,2285871,25256009,False,False,1502078400000,90
414700,Outlast 2,2017-04-24,t,Red Barrels,Red Barrels,windows,0,Single-player;Steam Achievements;Full controller support;Steam Cloud,Sexual Content;Nudity;Violent;Gore;Action;Adventure;Indie,Horror;Psychological Horror;Survival Horror,24,10790,1563,277,238,500000-1000000,23.79,2272221,22154701,False,False,1493006400000,91
418240,Shadow Tactics: Blades of the Shogun,2016-12-06,t,Mimimi Productions,Daedalic Entertainment,windows;mac;linux,0,Single-player;Steam Achievements;Full controller support;Steam Trading Cards;Steam Cloud,Indie;Strategy,Stealth;Tactical;Ninja,44,9523,417,287,218,500000-1000000,34.99,1232200,14193944,False,False,1481000400000,96
418370,RESIDENT EVIL 7 biohazard / BIOHAZARD 7 resident evil,2017-01-23,t,"CAPCOM Co., Ltd.","CAPCOM Co., Ltd.",windows,18,Single-player;Steam Achievements;Full controller support;Steam Trading Cards;Steam Cloud,Action;Adventure,Horror;Survival Horror;First-Person,58,19022,1718,823,644,500000-1000000,19.99,4484298,69422036,False,False,1485147600000,95
418460,Rising Storm 2: Vietnam,2017-05-30,t,Antimatter Games;Tripwire Interactive,Tripwire Interactive,windows,0,Multi-player;Online Multi-Player;Steam Achievements;Steam Trading Cards;Steam Workshop;In-App Purchases;Stats;Includes level editor,Action;Massively Multiplayer;Simulation;Strategy,FPS;War;Multiplayer,132,17201,4777,1945,1773,500000-1000000,18.99,2183038,22124298,False,False,1496116800000,87
424370,Wolcen: Lords of Mayhem,2016-03-24,t,WOLCEN Studio,WOLCEN Studio,windows,0,Single-player;Multi-player;Online Multi-Player;Co-op;Online Co-op,Action;Adventure;Indie;RPG;Early Access,Early Access;Hack and Slash;RPG,0,2787,1306,2766,4436,100000-200000,27.99,1616552,29050078,False,False,1456790400000,56
424840,Little Nightmares,2017-04-27,t,Tarsier Studios,BANDAI NAMCO Entertainment,windows,0,Single-player;Steam Achievements;Full controller support;Steam Trading Cards;Steam Cloud,Adventure,Horror;Adventure;Atmospheric,22,7568,980,90,90,500000-1000000,15.99,3752606,21710195,False,False,1493265600000,95
427290,Vampyr,2018-06-04,t,DONTNOD Entertainment,Focus Home Interactive,windows,0,Single-player;Steam Achievements;Full controller support;Steam Trading Cards;Steam Cloud,Action;RPG,Vampire;RPG;Choices Matter,28,4580,1717,794,1154,200000-500000,44.99,1071875,23471932,False,False,1528084800000,77
427520,Factorio,2016-02-25,t,Wube Software LTD.,Wube Software LTD.,windows;mac;linux,0,Single-player;Multi-player;Online Multi-Player;Local Multi-Player;Cross-Platform Multiplayer;Steam Achievements;Steam Cloud;Includes level editor,Casual;Indie;Simulation;Strategy;Early Access,Early Access;Base-Building;Resource Management,38,47918,723,10087,6880,1000000-2000000,21,6091961,167561379,False,False,1454284800000,97
427730,Who's Your Daddy,2016-05-13,t,Evil Tortilla Games,Evil Tortilla Games,windows;mac;linux,0,Multi-player;Cross-Platform Multiplayer;Partial Controller Support,Action;Casual;Indie,Funny;Multiplayer;First-Person,0,9751,3747,103,70,1000000-2000000,3.99,2943781,12038972,False,False,1448928000000,80
429660,Tales of Berseria™,2017-01-26,t,BANDAI NAMCO Studios Inc.,BANDAI NAMCO Entertainment,windows,0,Single-player;Shared/Split Screen;Steam Achievements;Full controller support;Steam Trading Cards;Steam Cloud,Action;RPG,Anime;JRPG;RPG,51,7427,536,2398,2878,200000-500000,39.99,957875,15426062,False,False,1485406800000,91
431240,Golf With Your Friends,2016-01-29,t,Blacklight Interactive,Team17 Digital Ltd,windows;mac;linux,0,Single-player;Online Multi-Player;Cross-Platform Multiplayer;Steam Achievements;Steam Workshop;Stats;Includes level editor,Casual;Indie;Sports;Early Access,Early Access;Mini Golf;Multiplayer,39,15946,1723,323,295,1000000-2000000,4.79,6276011,34569990,False,False,1451606400000,88
433340,Slime Rancher,2017-08-01,t,Monomi Park,Monomi Park,windows;mac;linux,0,Single-player;Steam Achievements;Full controller support;Steam Trading Cards;Steam Cloud,Action;Adventure;Indie;Simulation,Cute;Exploration;Adventure,57,24205,965,1314,827,1000000-2000000,14.99,6061863,45942619,False,False,1451606400000,98
434170,The Jackbox Party Pack 3,2016-10-17,t,"Jackbox Games, Inc.","Jackbox Games, Inc.",windows;mac;linux,0,Single-player;Local Multi-Player;Local Co-op;Steam Achievements;Steam Trading Cards;Partial Controller Support;Steam Cloud,Casual;Indie;Strategy,Local Multiplayer;Casual;Multiplayer,20,831,44,302,302,200000-500000,18.99,850651,13841320,False,False,1476676800000,97
435150,Divinity: Original Sin 2 - Definitive Edition,2017-09-14,t,Larian Studios,Larian Studios,windows;mac,0,Single-player;Multi-player;Online Multi-Player;Local Multi-Player;Co-op;Online Co-op;Local Co-op;Shared/Split Screen;Steam Achievements;Full controller support;Steam Trading Cards;Captions available;Steam Workshop;Steam Cloud;Includes level editor,Adventure;RPG;Strategy,RPG;Turn-Based;Story Rich,97,44145,2464,2938,1953,2000000-5000000,29.99,7873377,196166859,False,False,1472688000000,96
438040,Shakes and Fidget,2016-02-24,t,Playa Games GmbH,Playa Games GmbH,windows;mac,0,Single-player;MMO;Cross-Platform Multiplayer;In-App Purchases,Adventure;Casual;Free to Play;Indie;Massively Multiplayer;RPG;Strategy,Free to Play;RPG;Massively Multiplayer,0,6591,988,1752,828,1000000-2000000,0,2635228,20122809,False,False,1456290000000,92
438100,VRChat,2017-02-01,t,VRChat Inc.,VRChat Inc.,windows,0,Single-player;Multi-player;Online Multi-Player;Co-op;Online Co-op;Cross-Platform Multiplayer;Partial Controller Support,Adventure;Casual;Free to Play;Massively Multiplayer;Simulation;Sports;Early Access,Early Access;Free to Play;Memes,0,25818,3323,1351,52,2000000-5000000,0,28091747,83992831,False,True,1485925200000,75
440900,Conan Exiles,2018-05-08,t,Funcom,Funcom,windows,18,Single-player;Multi-player;Online Multi-Player;Co-op;Online Co-op;Steam Achievements;Full controller support;Steam Trading Cards;Steam Workshop,Action;Adventure;Massively Multiplayer;RPG;Simulation;Strategy,Survival;Open World;Crafting,25,22001,9594,4431,5167,500000-1000000,33.99,4692612,88212328,False,False,1483228800000,79
444090,Paladins®,2018-05-08,t,Evil Mojo Games,Hi-Rez Studios,windows,0,Multi-player;Online Multi-Player;Steam Achievements;Steam Trading Cards;In-App Purchases;Partial Controller Support,Action;Free to Play,Free to Play;Multiplayer;FPS,58,169580,32407,1595,407,10000000-20000000,0,22888676,45546226,False,False,1472688000000,85
444200,World of Tanks Blitz MMO,2016-11-09,t,Wargaming Group Limited,Wargaming Group Limited,windows;mac,0,Online Multi-Player;MMO;Online Co-op;Cross-Platform Multiplayer;Steam Trading Cards;In-App Purchases,Action;Free to Play;Massively Multiplayer,Tanks;Free to Play;Multiplayer,0,14069,5988,5046,383,2000000-5000000,0,12802489,169775842,False,False,1478667600000,78
445980,Wizard of Legend,2018-05-15,t,Contingent99,Contingent99,windows;mac;linux,0,Single-player;Local Co-op;Shared/Split Screen;Steam Achievements;Full controller support;Steam Trading Cards;Steam Cloud,Action;Adventure;Indie,Action;Pixel Graphics;Rogue-like,19,3990,535,386,462,200000-500000,12.39,1861710,17052056,False,False,1526356800000,91
446800,Transport Fever,2016-11-08,t,Urban Games,Good Shepherd Entertainment,windows;mac;linux,0,Single-player;Steam Achievements;Steam Workshop,Simulation,Simulation;Management;Economy,53,4418,1266,849,858,200000-500000,26.99,733740,13479471,False,False,1478581200000,83
447020,Farming Simulator 17,2016-10-24,t,Giants Software,Focus Home Interactive,windows;mac,0,Single-player;Multi-player;Co-op;Cross-Platform Multiplayer;Steam Achievements;Full controller support;Steam Trading Cards;Steam Cloud,Simulation,Simulation;Multiplayer;Agriculture,17,11211,1025,4377,6403,500000-1000000,15.99,1612846,27343653,False,False,1477281600000,93
447040,Watch_Dogs® 2,2016-11-28,t,Ubisoft,Ubisoft,windows,0,Single-player;Co-op;In-App Purchases;Partial Controller Support,Action;Adventure,Illuminati;Open World;Hacking,0,20905,5366,1231,1342,500000-1000000,49.99,4840493,81935516,False,False,1480309200000,83
450540,"Hot Dogs, Horseshoes & Hand Grenades",2016-04-05,t,RUST LTD.,RUST LTD.,windows,0,Single-player;VR Support,Action;Indie;Simulation;Early Access,Early Access;VR;Simulation,1,3054,99,568,568,200000-500000,14.99,634453,11980029,False,True,1459828800000,97
453480,Shadowverse CCG,2016-10-27,t,"Cygames, Inc.","Cygames, Inc.;Cygames Korea Inc.",windows;mac,0,Single-player;Multi-player;Online Multi-Player;Cross-Platform Multiplayer;In-App Purchases,Free to Play;Strategy,Free to Play;Card Game;Anime,0,5583,2008,4126,230,1000000-2000000,0,3138895,52654871,False,False,1477540800000,74
454650,DRAGON BALL XENOVERSE 2,2016-10-27,t,QLOC;DIMPS,BANDAI NAMCO Entertainment,windows,0,Single-player;Multi-player;Online Multi-Player;MMO;Co-op;Online Co-op;Steam Achievements;Full controller support;Steam Cloud;Steam Leaderboards,Action;Adventure;Casual;Massively Multiplayer,Anime;Fighting;Action,61,9531,2495,3194,3175,200000-500000,39.99,2001028,31122392,False,False,1477540800000,90
457140,Oxygen Not Included,2017-05-18,t,Klei Entertainment,Klei Entertainment,windows;mac;linux,0,Single-player,Indie;Simulation;Early Access,Early Access;Base-Building;Survival,2,16797,1205,2115,1072,500000-1000000,18.99,7227540,93463294,False,False,1493596800000,97
459820,Crush Crush,2016-10-18,t,Sad Panda Studios,Sad Panda Studios,windows;mac;linux,0,Single-player;Steam Achievements;Steam Trading Cards;In-App Purchases;Stats;Steam Leaderboards,Casual;Free to Play;Indie,Free to Play;Sexual Content;Nudity,24,7239,982,2735,3707,500000-1000000,0,1775079,25612264,False,False,1462060800000,89
460790,Bayonetta,2017-04-11,t,PlatinumGames,SEGA,windows,18,Single-player;Steam Achievements;Full controller support;Steam Trading Cards;Steam Cloud,Action;Adventure,Action;Female Protagonist;Hack and Slash,50,8866,843,232,180,500000-1000000,14.99,1777147,15954106,False,False,1491883200000,92
460920,Steep™,2016-12-02,t,Ubisoft Annecy;Ubisoft Montpellier;Ubisoft Kiev,Ubisoft,windows,0,Single-player;Online Multi-Player;Steam Trading Cards;In-App Purchases;Partial Controller Support,Action;Sports,Sports;Open World;Multiplayer,0,7802,2603,724,602,500000-1000000,25.99,2065723,24680985,False,False,1480654800000,83
460930,Tom Clancy's Ghost Recon® Wildlands,2017-03-06,t,Ubisoft Paris;Ubisoft Annecy;Ubisoft Bucharest;Ubisoft Montpellier;Ubisoft Milan;Reflections;Ubisoft Belgrade,Ubisoft,windows,0,Single-player;Multi-player;Co-op;Steam Trading Cards;In-App Purchases;Partial Controller Support,Action;Adventure,Open World;Shooter;Action,0,26547,9944,1987,1242,1000000-2000000,41.99,4859267,111187029,False,False,1488776400000,80
460950,Katana ZERO,2019-04-18,t,Askiisoft,Devolver Digital,windows;mac,0,Single-player;Steam Achievements;Partial Controller Support,Action;Indie,Action;Pixel Graphics;Indie,19,1848,44,211,229,50000-100000,11.39,1890834,16163477,False,False,1555560000000,98
464920,Surviving Mars,2018-03-15,t,Haemimont Games,Paradox Interactive,windows;mac;linux,0,Single-player;Steam Achievements;Full controller support;Steam Trading Cards;Steam Workshop;Steam Cloud,Simulation;Strategy,Strategy;City Builder;Survival,60,3942,1608,2454,2720,200000-500000,26.99,1829650,31435960,False,False,1521086400000,84
466560,Northgard,2018-03-07,t,Shiro Games,Shiro Games,windows;mac;linux,0,Single-player;Multi-player;Online Multi-Player;Co-op;Online Co-op;Steam Achievements;Steam Trading Cards;Steam Cloud,Indie;Simulation;Strategy,Strategy;City Builder;Resource Management,133,12214,2314,601,430,500000-1000000,23.79,3723422,42889223,False,False,1485907200000,86
470220,UNO,2017-01-03,t,Ubisoft Entertainment,Ubisoft Entertainment,windows,0,Single-player;Multi-player;Online Multi-Player;Local Multi-Player;Co-op;Online Co-op;Local Co-op;Full controller support;Steam Trading Cards,Casual,Card Game;Multiplayer;Casual,0,2923,2015,284,274,200000-500000,8.59,4676003,18166736,False,False,1483419600000,72
473690,Absolver,2017-08-29,t,Sloclap,Devolver Digital,windows,0,Single-player;Online Multi-Player;Online Co-op;Steam Achievements;Full controller support,Action;Adventure;Indie,Fighting;Action;Martial Arts,22,6395,3283,796,994,200000-500000,24.99,659864,13175915,False,False,1503979200000,72
476600,Call of Duty®: WWII,2017-11-02,t,Sledgehammer Games;Raven Software,Activision,windows,18,Single-player;Multi-player;Online Multi-Player;Local Multi-Player;Co-op;Online Co-op;Local Co-op;Steam Achievements;Full controller support;Steam Trading Cards;In-App Purchases;Steam Cloud;Valve Anti-Cheat enabled,Action,World War II;FPS;Multiplayer,35,10753,8288,309,324,500000-1000000,44.99,2235929,83110651,False,False,1509595200000,70
477160,Human: Fall Flat,2016-07-22,t,No Brakes Games,Curve Digital,windows;mac,0,Single-player;Online Multi-Player;Local Co-op;Shared/Split Screen;Steam Achievements;Full controller support;Steam Trading Cards;Steam Cloud;Stats,Adventure;Indie,Funny;Multiplayer;Co-op,55,28371,2678,348,245,2000000-5000000,11.99,22319952,116102524,False,False,1469160000000,95
480490,Prey,2017-05-04,t,Arkane Studios,Bethesda Softworks,windows,0,Single-player;Steam Achievements;Full controller support;Steam Trading Cards;Steam Cloud,Action;Adventure,Sci-fi;Space;Action,58,17808,2144,738,538,500000-1000000,19.99,2480999,43346866,False,False,1493870400000,91
485510,Nioh: Complete Edition / 仁王 Complete Edition,2017-11-07,t,"KOEI TECMO GAMES CO., LTD.","KOEI TECMO GAMES CO., LTD.",windows,0,Single-player;Online Multi-Player;Online Co-op;Steam Achievements;Full controller support;Steam Trading Cards;Steam Cloud;Stats;Steam Leaderboards,Action;RPG,Action;Souls-like;RPG,79,9842,2667,3456,3224,200000-500000,39.99,1554904,35046899,False,False,1510030800000,80
488790,South Park™: The Fractured But Whole™,2017-10-16,t,Ubisoft San Francisco,Ubisoft,windows,18,Single-player;Steam Achievements;Steam Trading Cards;Partial Controller Support,Sexual Content;Nudity;Violent;Gore;RPG,RPG;Comedy;Dark Humor,35,4840,2017,932,976,200000-500000,49.99,1609816,26103765,False,False,1508126400000,85
489630,"Warhammer 40,000: Gladius - Relics of War",2018-07-12,t,Proxy Studios,Slitherine Ltd.,windows;linux,0,Single-player;Multi-player;Online Multi-Player;Co-op;Online Co-op;Cross-Platform Multiplayer;Steam Achievements;Steam Trading Cards;Steam Cloud,Strategy,Strategy;Warhammer 40K;Turn-Based Strategy,56,944,278,69,69,50000-100000,30.99,1491364,16680239,False,False,1531368000000,82
489830,The Elder Scrolls V: Skyrim Special Edition,2016-10-27,t,Bethesda Game Studios,Bethesda Softworks,windows,18,Single-player;Steam Achievements;Partial Controller Support;Steam Cloud,RPG,Open World;RPG;Adventure,75,47749,14719,2418,821,2000000-5000000,29.99,18552935,273263168,False,False,1477540800000,92
492720,Tropico 6,2019-03-29,t,Limbic Entertainment,Kalypso Media,windows;linux,16,Single-player;Online Multi-Player;Steam Achievements;Full controller support;Steam Trading Cards;Steam Workshop;Steam Cloud,Simulation;Strategy,Strategy;City Builder;Economy,40,3778,664,1345,1573,100000-200000,39.99,1495392,41922580,False,False,1553832000000,88
493340,Planet Coaster,2016-11-17,t,Frontier Developments,Frontier Developments,windows,0,Single-player;Steam Achievements;Steam Trading Cards;Steam Workshop;Steam Cloud,Simulation;Strategy,Simulation;Building;Management,32,22004,2828,1069,482,1000000-2000000,29.99,5618840,90113707,False,False,1479358800000,91
493490,City Car Driving,2016-11-03,t,"Forward Development, Ltd.","Forward Global Group, Ltd.",windows,0,Single-player;Steam Achievements;Full controller support;Steam Trading Cards;Steam Workshop;Steam Cloud,Indie;Racing;Simulation,Simulation;Driving;Open World,43,1606,668,171,198,100000-200000,20.51,1768403,13423673,False,False,1478145600000,82
495910,Dungeon Fighter Online,2016-08-09,t,Neople,Neople,windows,0,Online Multi-Player;MMO;Steam Achievements;Steam Trading Cards,Action;Adventure;Free to Play;Massively Multiplayer;RPG,Free to Play;Anime;RPG,59,1706,604,1667,257,500000-1000000,0,1009741,13215289,False,False,1470715200000,61
502500,ACE COMBAT™ 7: SKIES UNKNOWN,2019-01-31,t,BANDAI NAMCO Studios,BANDAI NAMCO Entertainment,windows,0,Single-player;Online Multi-Player;Steam Achievements;Full controller support;Steam Trading Cards;Steam Cloud,Action;Simulation,Flight;Action;Story Rich,49,4643,1623,1029,1029,200000-500000,49.99,2302012,40157893,False,False,1548910800000,88
503940,Railway Empire,2018-01-26,t,Gaming Minds Studios,Kalypso Media Digital,windows;linux,0,Single-player;Steam Achievements;Full controller support;Steam Trading Cards;Steam Workshop;Steam Cloud,Simulation;Strategy,Strategy;Management;Simulation,95,2994,710,1081,1081,100000-200000,39.99,573669,15693892,False,False,1516942800000,83
504230,Celeste,2018-01-25,t,Matt Makes Games Inc.,Matt Makes Games Inc.,windows;mac;linux,0,Single-player;Steam Achievements;Full controller support;Steam Trading Cards;Steam Cloud,Action;Adventure;Indie,Platformer;Pixel Graphics;Difficult,30,7239,206,638,930,200000-500000,14.99,3774854,25286850,False,False,1516856400000,97
505460,Foxhole,2017-07-27,t,Clapfoot,Clapfoot,windows,0,Multi-player;Online Multi-Player;MMO,Action;Indie;Massively Multiplayer;RPG;Strategy;Early Access,Early Access;Strategy;Massively Multiplayer,0,6075,1546,928,773,200000-500000,14.99,2032700,33944713,False,False,1501128000000,84
508440,Totally Accurate Battle Simulator,2019-04-01,t,Landfall,Landfall,windows;mac,0,Single-player,Indie;Simulation;Strategy;Early Access,Early Access;Simulation;Funny,0,3109,295,297,367,500000-1000000,11.39,4758225,40967861,False,False,1554091200000,98
509980,BIGFOOT,2017-01-01,t,CyberLight Game Studio,CyberLight Game Studio,windows,0,Single-player;Online Co-op;Steam Trading Cards,Adventure;Indie;Early Access,Early Access;Multiplayer;Horror,12,1856,866,0,0,50000-100000,12.39,941826,13776749,False,True,1485838800000,82
513710,SCUM,2018-08-29,t,Gamepires;Croteam,Devolver Digital,windows,0,Single-player;Online Multi-Player;Online Co-op;Steam Achievements;Steam Trading Cards,Action;Adventure;Indie;Massively Multiplayer;Early Access,Early Access;Survival;Open World,36,15934,8556,1264,594,1000000-2000000,15.49,5802038,96702827,False,False,1535500800000,74
515180,Bus Simulator 18,2018-06-13,t,stillalive studios,astragon Entertainment,windows,0,Single-player;Multi-player;Co-op;Steam Achievements;Steam Trading Cards;Partial Controller Support,Simulation,Simulation;Driving;Multiplayer,23,1585,698,0,0,100000-200000,26.99,613250,12706291,False,False,1528862400000,81
516750,My Summer Car,2016-10-24,t,Amistech Games,Amistech Games,windows,0,Single-player;Steam Achievements;Steam Trading Cards;Partial Controller Support,Indie;Racing;Simulation;Early Access,Early Access;Simulation;Driving,64,12847,1309,2191,2229,200000-500000,10.99,2192362,26978564,False,False,1477267200000,95
517630,Just Cause 4,2018-12-04,t,Avalanche Studios,Square Enix,windows,18,Single-player;Steam Achievements;Full controller support;Steam Trading Cards;Steam Cloud,Action;Adventure,Action;Open World;Destruction,52,2075,3780,1337,2634,100000-200000,44.99,1761749,14764782,False,False,1543899600000,62
518790,theHunter: Call of the Wild™,2017-02-16,t,Expansive Worlds,Avalanche Studios,windows,0,Single-player;Multi-player;Steam Achievements;Steam Cloud,Adventure;Simulation;Sports,Hunting;Open World;Multiplayer,133,15716,4308,1409,867,500000-1000000,19.99,9370971,73711264,False,False,1487221200000,89
524220,NieR:Automata™,2017-03-17,t,Square Enix;PlatinumGames Inc.,Square Enix,windows,18,Single-player;Steam Achievements;Steam Trading Cards;Partial Controller Support;Steam Cloud,Action;RPG,Great Soundtrack;Story Rich;Female Protagonist,47,39387,9414,2022,1782,500000-1000000,29.99,4455863,121352664,False,False,1489723200000,87
527230,For The King,2018-04-19,t,IronOak Games,Curve Digital,windows;mac;linux,0,Single-player;Multi-player;Online Multi-Player;Local Multi-Player;Co-op;Online Co-op;Local Co-op;Shared/Split Screen;Steam Achievements;Full controller support;Steam Trading Cards;Steam Cloud,Adventure;Indie;RPG;Strategy,RPG;Turn-Based Combat;Adventure,72,4790,920,1536,2022,200000-500000,15.49,3509970,25206451,False,False,1485907200000,88
527430,"Warhammer 40,000: Inquisitor - Martyr",2018-06-05,t,NeocoreGames,NeocoreGames,windows,0,Single-player;Multi-player;Online Multi-Player;Co-op;Online Co-op;Steam Achievements;Full controller support;Steam Trading Cards,Action;Adventure;Indie;RPG,Warhammer 40K;RPG;Action,14,3372,1931,1034,1152,100000-200000,33.99,1013281,19055724,False,False,1501545600000,76
535930,Two Point Hospital,2018-08-29,t,Two Point Studios,SEGA,windows;mac;linux,0,Single-player;Steam Achievements;Steam Trading Cards;Steam Workshop;Steam Cloud,Indie;Simulation,Simulation;Management;Building,31,6432,1264,1617,1760,200000-500000,24.99,2648630,43326076,False,False,1535515200000,92
537180,Digimon Masters Online,2016-11-03,t,"Move Games Co., Ltd.",MOVE ON USA CO.,windows,0,Single-player;Multi-player;Online Multi-Player;MMO;Co-op;Online Co-op;In-App Purchases,Action;Adventure;Casual;Free to Play;Massively Multiplayer;RPG,Free to Play;Anime;Adventure,0,2836,1350,447,641,1000000-2000000,0,1132553,19270229,False,False,1478145600000,67
544750,SOULCALIBUR VI,2018-10-18,t,BANDAI NAMCO Studios;Dimps Corporation,BANDAI NAMCO Entertainment,windows,0,Single-player;Online Multi-Player;Local Multi-Player;Shared/Split Screen;Steam Achievements;Partial Controller Support;Steam Cloud,Action,Fighting;Character Customization;Action,49,2992,676,184,305,100000-200000,49.99,503235,12969601,False,False,1539835200000,82
544810,KARDS,2019-04-12,t,1939 Games,1939 Games,windows,0,Single-player;Online Multi-Player;In-App Purchases,Free to Play;Indie;Strategy;Early Access,Early Access;Free to Play;Indie,0,321,75,0,0,50000-100000,0,2392747,12237648,False,False,1555041600000,71
548430,Deep Rock Galactic,2018-02-28,t,Ghost Ship Games,Coffee Stain Publishing,windows,0,Single-player;Multi-player;Online Multi-Player;Co-op;Online Co-op;Full controller support;Steam Trading Cards;Steam Cloud,Action;Indie;Early Access,Early Access;Co-op;Action,0,10254,838,3350,4384,500000-1000000,24.99,12092234,152227444,False,False,1517443200000,97
550470,NosTale,2017-09-18,t,"Entwell Co., Ltd.",Gameforge 4D GmbH,windows,0,Multi-player;Online Multi-Player;MMO;Online Co-op;Steam Trading Cards;In-App Purchases,Action;Adventure;Free to Play;Massively Multiplayer;RPG,Free to Play;Anime;MMORPG,0,706,316,52,76,200000-500000,0,562848,15890678,False,False,1505707200000,71
550650,Black Squad,2017-07-28,t,NS STUDIO,NS STUDIO,windows,0,Multi-player;Steam Achievements;Steam Trading Cards;In-App Purchases,Action;Free to Play;Early Access,Early Access;Free to Play;FPS,36,33695,11081,1835,42,5000000-10000000,0,11273951,14976558,False,False,1498867200000,76
552500,Warhammer: Vermintide 2,2018-03-08,t,Fatshark,Fatshark,windows,0,Single-player;Co-op;Online Co-op;Steam Achievements;Steam Trading Cards;Partial Controller Support,Action,Co-op;Gore;First-Person,26,21509,7336,2025,1024,2000000-5000000,23.79,4350280,44664777,False,False,1520485200000,85
552520,Far Cry® 5,2018-03-26,t,Ubisoft Montreal;Red Storm;Ubisoft Shanghai;Ubisoft Toronto;Ubisoft Kiev,Ubisoft,windows,0,Single-player;Multi-player;Co-op;Steam Trading Cards;Captions available;In-App Purchases;Partial Controller Support;Includes level editor,Action;Adventure,Open World;Action;FPS,0,23373,11081,1869,1694,500000-1000000,49.99,8035002,173553521,False,False,1522036800000,81
552990,World of Warships,2017-11-15,t,Wargaming Group Limited,Wargaming Group Limited,windows,0,Multi-player;Online Multi-Player;MMO;Co-op;Online Co-op;Steam Achievements;Steam Trading Cards;In-App Purchases,Action;Free to Play;Massively Multiplayer;Simulation,Free to Play;World War II;Naval,44,9386,3667,341,135,2000000-5000000,0,15327485,172151831,False,False,1510722000000,77
555160,Pavlov VR,2017-02-27,t,davevillz,davevillz,windows,0,Multi-player;Online Multi-Player;Steam Workshop,Violent;Gore;Action;Indie;Early Access,Early Access;VR;Action,0,2952,355,362,479,200000-500000,6.99,2166362,23986782,False,False,1488153600000,89
560130,Pillars of Eternity II: Deadfire,2018-05-08,t,Obsidian Entertainment,Versus Evil;Obsidian Entertainment,windows;mac;linux,0,Single-player;Steam Achievements;Steam Trading Cards;Steam Workshop;Steam Cloud,RPG,RPG;Fantasy;Isometric,55,4435,876,2234,2274,200000-500000,32.99,945628,23265152,False,False,1525752000000,88
567640,Danganronpa V3: Killing Harmony,2017-09-25,t,"Spike Chunsoft Co., Ltd.","Spike Chunsoft Co., Ltd.",windows,0,Single-player;Steam Achievements;Full controller support;Steam Trading Cards;Steam Cloud,Adventure,Story Rich;Anime;Visual Novel,41,3240,571,2832,3642,100000-200000,30.99,718370,15972504,False,False,1506312000000,84
568220,Lobotomy Corporation | Monster Management Simulation,2018-04-09,t,Project Moon,Project Moon,windows,0,Single-player,Indie;Simulation,Management;Simulation;Indie,0,3424,407,1108,1120,100000-200000,19.49,1985043,21524410,False,False,1480550400000,94
569480,Kingdoms and Castles,2017-07-20,t,"Lion Shield, LLC","Lion Shield, LLC",windows;mac;linux,0,Single-player;Steam Achievements,Indie;Simulation;Strategy,City Builder;Strategy;Medieval,12,6380,1119,466,523,500000-1000000,6.99,1628209,13073020,False,False,1500523200000,93
570940,DARK SOULS™: REMASTERED,2018-05-23,t,QLOC,"FromSoftware, Inc;BANDAI NAMCO Entertainment",windows,0,Single-player;Multi-player;Steam Achievements;Full controller support,Action,Dark Fantasy;Difficult;Action,41,8669,4014,1160,1417,200000-500000,34.99,3747320,100583284,False,False,1527048000000,92
571740,Golf It!,2017-02-17,t,Perfuse Entertainment,Perfuse Entertainment,windows,0,Single-player;Online Multi-Player;Local Multi-Player;Steam Achievements;Steam Workshop;Partial Controller Support;Steam Cloud;Steam Leaderboards;Includes level editor,Casual;Indie;Simulation;Sports;Early Access,Early Access;Multiplayer;Mini Golf,28,3219,744,815,731,200000-500000,5.99,3697371,18374593,False,False,1487307600000,91
573090,Stormworks: Build and Rescue,2018-02-28,t,Sunfire Software,Green Man Gaming Publishing,windows;mac,0,Single-player;Multi-player;Online Multi-Player;Co-op;Online Co-op;Steam Workshop;Partial Controller Support,Simulation;Early Access,Early Access;Simulation;Sandbox,0,1478,171,0,0,50000-100000,15.49,1078512,20593433,False,False,1517443200000,90
578080,PLAYERUNKNOWN'S BATTLEGROUNDS,2017-12-21,t,PUBG Corporation,PUBG Corporation,windows,0,Multi-player;Online Multi-Player;Stats,Action;Adventure;Massively Multiplayer,Survival;Shooter;Multiplayer,37,496184,487076,22938,12434,50000000-100000000,26.99,169242945,4682162348,False,False,1488326400000,60
581320,Insurgency: Sandstorm,2018-12-12,t,New World Interactive,Focus Home Interactive,windows,0,Multi-player;Online Multi-Player;Online Co-op;Steam Achievements;Steam Trading Cards;Partial Controller Support;Steam Cloud;Stats,Action,FPS;Realistic;Shooter,37,12858,3933,1425,2092,500000-1000000,25.99,4251623,68055491,False,False,1541030400000,85
582010,MONSTER HUNTER: WORLD,2018-08-09,t,"CAPCOM Co., Ltd.","CAPCOM Co., Ltd.",windows,0,Single-player;Multi-player;Co-op;Steam Achievements;Steam Trading Cards;Partial Controller Support;Steam Cloud;Stats;Steam Leaderboards,Action,Action;Hunting;Multiplayer,50,72029,35294,6512,5372,5000000-10000000,49.99,17226392,426753743,False,False,1533787200000,89
582160,Assassin's Creed® Origins,2017-10-26,t,Ubisoft Montreal,Ubisoft,windows,0,Single-player;Steam Achievements;Steam Trading Cards;Captions available;In-App Purchases;Partial Controller Support,Action;Adventure;RPG,Open World;Assassin;Action,67,31644,6007,2908,3143,1000000-2000000,49.99,4853468,82165977,False,False,1508990400000,86
582660,Black Desert Online,2017-05-24,t,Pearl Abyss,Kakao Games Europe B.V.,windows,0,Online Multi-Player;MMO;Online Co-op;Steam Trading Cards;In-App Purchases;Partial Controller Support,Action;Adventure;Massively Multiplayer;RPG;Simulation;Strategy,Massively Multiplayer;MMORPG;Open World,0,10337,5759,15507,3322,1000000-2000000,7.99,3888180,13330664,False,False,1495598400000,74
585420,Trailmakers,2018-01-30,t,Flashbulb,Flashbulb,windows,0,Single-player;Multi-player;Online Multi-Player;Co-op;Online Co-op;Full controller support;Steam Workshop;Steam Leaderboards,Action;Adventure;Indie;Racing;Simulation;Early Access,Early Access;Building;Sandbox,0,990,308,112,112,50000-100000,19.49,1146173,12323668,False,False,1514764800000,92
588430,Fallout Shelter,2017-03-29,t,Bethesda Game Studios,Bethesda Softworks,windows,0,Single-player;Steam Achievements;Full controller support;In-App Purchases;Steam Cloud;Stats,Free to Play;RPG;Simulation,Free to Play;Survival;Base-Building,35,21481,3569,1116,93,2000000-5000000,0,10047281,17020320,False,False,1490760000000,88
588650,Dead Cells,2018-08-06,t,Motion Twin,Motion Twin,windows;mac;linux,0,Single-player;Steam Achievements;Full controller support;Steam Trading Cards;Steam Workshop;Steam Cloud,Action;Indie,Rogue-like;Pixel Graphics;Metroidvania,60,26033,1434,1006,973,1000000-2000000,21.99,6693294,83763807,False,False,1493596800000,97
589290,Holdfast: Nations At War,2017-09-21,t,Anvil Game Studios,Anvil Game Studios,windows,0,Online Multi-Player,Action;Indie;Early Access,Early Access;Historical;Multiplayer,0,4354,741,1560,1830,100000-200000,14.99,1156758,13220069,False,False,1504224000000,90
589360,Ni no Kuni™ II: Revenant Kingdom,2018-03-23,t,Level-5,BANDAI NAMCO Entertainment,windows,0,Single-player;Steam Achievements;Full controller support;Steam Trading Cards,Adventure;RPG,RPG;Anime;JRPG,63,3220,638,1871,2799,100000-200000,49.99,637679,16916025,False,False,1521777600000,84
594570,Total War: WARHAMMER II,2017-09-28,t,CREATIVE ASSEMBLY;Feral Interactive (Mac);Feral Interactive (Linux),SEGA;Feral Interactive (Mac);Feral Interactive (Linux),windows;mac;linux,0,Single-player;Multi-player;Steam Achievements;Steam Trading Cards,Action;Strategy,Strategy;Fantasy;RTS,134,19420,2994,4721,2624,1000000-2000000,39.99,4397830,121094375,False,False,1506571200000,93
594650,Hunt Showdown,2018-02-22,t,Crytek,Crytek,windows,0,Online Multi-Player;Online Co-op,Action;Early Access,Early Access;Multiplayer;Survival,0,20679,7074,991,1169,1000000-2000000,25.99,7439561,146708067,False,False,1517443200000,73
595520,FINAL FANTASY XII THE ZODIAC AGE,2018-02-01,t,Square Enix,Square Enix,windows,16,Single-player;Steam Achievements;Full controller support;Steam Trading Cards;Steam Cloud,Violent;RPG,RPG;JRPG;Fantasy,41,1706,277,221,221,100000-200000,34.99,505548,14430089,False,False,1517461200000,90
599140,Graveyard Keeper,2018-08-15,t,Lazy Bear Games,tinyBuild,windows;mac;linux,0,Single-player;Steam Achievements;Full controller support;Steam Trading Cards;Steam Cloud,Adventure;Indie;RPG;Simulation,Pixel Graphics;Sandbox;Crafting,62,4802,1541,837,1214,200000-500000,15.49,2570226,21611811,False,False,1534305600000,86
601150,Devil May Cry 5,2019-03-07,t,"CAPCOM Co., Ltd.","CAPCOM Co., Ltd.",windows,18,Single-player;Online Multi-Player;Online Co-op;Steam Achievements;Full controller support;Steam Trading Cards;Steam Cloud,Action,Action;Hack and Slash;Character Action Game,51,17657,1487,916,950,1000000-2000000,44.99,6884105,131097165,False,False,1551934800000,96
601430,The Evil Within 2,2017-10-12,t,Tango Gameworks,Bethesda Softworks,windows,18,Single-player;Steam Achievements;Steam Trading Cards;Steam Cloud,Action;Adventure,Horror;Survival Horror;Psychological Horror,51,8871,790,1299,1810,100000-200000,39.99,1398229,29262740,False,False,1507780800000,92
601510,Yu-Gi-Oh! Duel Links,2017-11-16,t,Konami Digital Entertainment,Konami Digital Entertainment,windows,0,Single-player;Online Multi-Player;Cross-Platform Multiplayer;Steam Achievements;Steam Trading Cards;In-App Purchases,Free to Play;Strategy,Free to Play;Card Game;Anime,20,7969,2563,864,1115,1000000-2000000,0,6610129,66525965,False,False,1510808400000,83
606280,Darksiders III,2018-11-27,t,Gunfire Games,THQ Nordic,windows,0,Single-player;Steam Achievements;Full controller support;Steam Trading Cards;Steam Cloud,Action;Adventure;RPG,Action;Hack and Slash;Female Protagonist,59,3302,1368,1716,1851,100000-200000,44.99,689343,19765367,False,False,1543294800000,76
607890,Sword Art Online: Hollow Realization Deluxe Edition,2017-10-27,t,AQURIA,BANDAI NAMCO Entertainment,windows,0,Single-player;Online Multi-Player;Online Co-op;Steam Achievements;Partial Controller Support;Steam Cloud,Action;Adventure;Casual;RPG,Anime;RPG;Multiplayer,53,2860,707,605,941,100000-200000,39.99,479440,12091071,False,False,1509076800000,79
611660,Fallout 4 VR,2017-12-11,t,Bethesda Game Studios,Bethesda Softworks,windows,18,Single-player;VR Support;SteamVR Collectibles,Violent;RPG,VR;Open World;Post-apocalyptic,50,2647,1162,161,216,100000-200000,39.99,515540,20608878,False,False,1512968400000,60
611670,The Elder Scrolls V: Skyrim VR,2018-04-02,t,Bethesda Game Studios,Bethesda Softworks,windows,18,Single-player;Steam Achievements;Full controller support;VR Support;SteamVR Collectibles;Steam Cloud,RPG,RPG;Open World;Singleplayer,75,2352,457,140,176,100000-200000,39.99,1100882,37603692,False,False,1522641600000,75
611790,House Party,2017-06-30,t,"Eek! Games, LLC","Eek! Games, LLC",windows,18,Single-player;Steam Achievements;Steam Trading Cards;Partial Controller Support,Adventure;Casual;Indie;Simulation;Early Access,Early Access;Sexual Content;Nudity,32,3329,593,313,349,100000-200000,10.99,1134231,12926835,False,False,1498795200000,86
612880,Wolfenstein II: The New Colossus,2017-10-26,t,Machine Games,Bethesda Softworks,windows,18,Single-player;Steam Achievements;Full controller support;Steam Cloud,Action,Action;FPS;Gore,80,11732,4461,921,870,500000-1000000,39.99,2459235,56974991,False,False,1508990400000,81
613100,House Flipper,2018-05-17,t,Empyrean,Frozen District;PlayWay S.A.,windows;mac,0,Single-player;Steam Achievements;Full controller support;Steam Trading Cards;Steam Cloud,Indie;Simulation,Simulation;Building;Realistic,26,7019,1761,520,350,500000-1000000,15.49,6145767,55493856,False,False,1526529600000,94
617830,SUPERHOT VR,2017-05-25,t,SUPERHOT Team,SUPERHOT Team,windows,0,Single-player;Steam Achievements;SteamVR Collectibles,Action;Indie,Action;VR;Indie,26,2007,265,102,96,100000-200000,18.99,1268309,19049715,False,False,1495684800000,82
620980,Beat Saber,2018-05-01,t,Beat Games,Beat Games,windows,0,Single-player;Steam Leaderboards,Indie;Early Access,Early Access;VR;Rhythm,0,11083,797,1204,1349,200000-500000,15.49,2838963,71119229,False,False,1525132800000,96
621060,PC Building Simulator,2019-01-29,t,Claudiu Kiss;The Irregular Corporation,The Irregular Corporation,windows,0,Single-player;Steam Achievements;Steam Trading Cards;Partial Controller Support;Steam Cloud,Indie;Simulation,Simulation;Building;Indie,53,6563,775,2021,3387,200000-500000,14.99,3086297,34619844,False,False,1519862400000,94
626690,Sword Art Online: Fatal Bullet,2018-02-23,t,DIMPS,BANDAI NAMCO Entertainment,windows,0,Single-player;Online Multi-Player;Steam Achievements;Partial Controller Support;Steam Cloud;Stats;Steam Leaderboards,Action;RPG,Anime;RPG;Character Customization,63,5654,2082,1413,1779,200000-500000,34.99,1014362,20503891,False,False,1519362000000,79
627270,Injustice™ 2,2017-11-30,t,NetherRealm Studios;QLOC,WB Games,windows,0,Single-player;Multi-player;Online Multi-Player;Local Multi-Player;Steam Achievements;Full controller support;Steam Trading Cards;In-App Purchases;Steam Cloud,Action,Fighting;Action;Superhero,74,3673,938,103,163,200000-500000,39.99,1883296,29043035,False,False,1512018000000,86
627690,Idle Champions of the Forgotten Realms,2017-09-07,t,Codename Entertainment Inc.,Codename Entertainment Inc.,windows;mac,0,Single-player;Steam Achievements;Steam Trading Cards;In-App Purchases,Action;Adventure;Free to Play;Indie;Strategy;Early Access,Early Access;Clicker;Free to Play,129,2884,675,8508,3648,500000-1000000,0,3734362,23835180,False,False,1504224000000,77
629730,Blade and Sorcery,2018-12-11,t,WarpFrog,WarpFrog,windows,0,Single-player,Action;Adventure;Indie;RPG;Simulation;Early Access,Early Access;VR;Action,0,1325,204,12,12,50000-100000,15.49,1771132,36546351,False,False,1544504400000,97
632360,Risk of Rain 2,2019-03-28,t,Hopoo Games,Gearbox Publishing,windows,0,Single-player;Online Multi-Player;Online Co-op;Full controller support;Steam Cloud;Steam Leaderboards,Action;Indie;Early Access,Early Access;Rogue-like;Multiplayer,0,17902,975,1455,1323,1000000-2000000,14.99,10942486,151821553,False,False,1553745600000,93
633230,NARUTO TO BORUTO: SHINOBI STRIKER,2018-08-30,t,Soleil Ltd.,BANDAI NAMCO Entertainment,windows,0,Single-player;Online Multi-Player;Online Co-op;Steam Achievements;Partial Controller Support,Action,Action;Anime;Multiplayer,48,1937,1574,417,696,50000-100000,39.99,1957036,24149168,False,False,1688011200000,84
635260,CarX Drift Racing Online,2017-11-17,t,CarX Technologies,CarX Technologies,windows,0,Single-player;Multi-player;Online Multi-Player;Steam Achievements;Steam Trading Cards;Partial Controller Support,Massively Multiplayer;Racing;Simulation;Sports,Racing;Sports;Massively Multiplayer,36,3048,374,608,608,100000-200000,9.9,2637460,20388299,False,False,1498867200000,95
636480,Ravenfield,2017-05-18,t,SteelRaven7,SteelRaven7,windows;mac;linux,0,Single-player;Steam Workshop;Partial Controller Support;Includes level editor,Action;Indie;Early Access,Early Access;FPS;War,0,9119,569,2095,2773,200000-500000,10.99,1453765,14234631,False,True,1495080000000,97
637090,BATTLETECH,2018-04-24,t,Harebrained Schemes,Paradox Interactive,windows;mac;linux,0,Single-player;Multi-player;Online Multi-Player;Cross-Platform Multiplayer;Steam Achievements;Steam Trading Cards;Steam Cloud,Action;Adventure;Strategy,Strategy;Mechs;Turn-Based,128,8238,2953,1641,1653,500000-1000000,34.99,1189166,27061276,False,False,1524542400000,84
637650,FINAL FANTASY XV WINDOWS EDITION,2018-03-06,t,Square Enix,Square Enix,windows,16,Single-player;Multi-player;Online Multi-Player;Online Co-op;Steam Achievements;Full controller support;Steam Trading Cards;Steam Cloud,RPG,RPG;Open World;JRPG,97,13789,4046,851,701,500000-1000000,34.99,2436620,56073740,False,False,1520312400000,83
638970,Yakuza 0,2018-08-01,t,SEGA,SEGA,windows,18,Single-player;Multi-player;Online Multi-Player;Local Multi-Player;Steam Achievements;Full controller support;Steam Trading Cards;Steam Cloud;Steam Leaderboards,Action;Adventure;RPG,Action;Story Rich;Beat 'em up,55,9023,1343,1255,1586,200000-500000,14.99,2738151,26303335,False,False,1533096000000,96
640820,Pathfinder: Kingmaker,2018-09-25,t,Owlcat Games,Deep Silver,windows;mac;linux,0,Single-player;Steam Achievements;Steam Trading Cards;Steam Cloud,RPG,RPG;Fantasy;Singleplayer,67,6063,2426,1642,1751,200000-500000,34.99,1383611,25509523,False,False,1537848000000,78
641990,The Escapists 2,2017-08-21,t,Team17 Digital Ltd;Mouldy Toof Studios,Team17 Digital Ltd,windows;mac;linux,0,Single-player;Multi-player;Online Multi-Player;Local Multi-Player;Co-op;Online Co-op;Local Co-op;Shared/Split Screen;Steam Achievements;Full controller support;Steam Trading Cards;Steam Cloud;Steam Leaderboards,Indie;Simulation;Strategy,Strategy;Multiplayer;Pixel Graphics,58,5085,1167,674,950,500000-1000000,19.99,1577826,12731932,False,False,1503288000000,91
644930,They Are Billions,2017-12-12,t,Numantian Games,Numantian Games,windows,0,Single-player;Steam Achievements;Steam Trading Cards;Steam Cloud;Stats;Steam Leaderboards,Strategy;Early Access,Early Access;Base-Building;Strategy,30,11377,1921,1712,1437,500000-1000000,19.49,2283982,44592387,False,False,1512086400000,85
645630,Car Mechanic Simulator 2018,2017-07-28,t,Red Dot Games,PlayWay S.A.,windows;mac,0,Single-player;Steam Achievements;Steam Trading Cards;Steam Workshop;Partial Controller Support;Steam Cloud;Stats;Includes level editor,Racing;Simulation,Simulation;Building;Driving,60,9390,2752,724,698,500000-1000000,14.99,2786767,21582622,False,False,1501214400000,91
646570,Slay the Spire,2019-01-23,t,Mega Crit Games,Mega Crit Games,windows;mac;linux,0,Single-player;Steam Achievements;Full controller support;Steam Trading Cards;Steam Workshop;Steam Cloud;Stats;Steam Leaderboards,Indie;Strategy,Card Game;Turn-Based;Rogue-like,43,26166,998,3034,1857,1000000-2000000,19.49,8716229,89575809,False,False,1509494400000,98
646910,The Crew™ 2,2018-06-28,t,Ivory Tower,Ubisoft,windows,0,Single-player;Online Multi-Player;MMO;Online Co-op;In-App Purchases;Partial Controller Support,Action;Massively Multiplayer;Racing,Racing;Open World;Driving,34,4030,3916,2029,1685,200000-500000,49.99,4483293,29738423,False,False,1530158400000,78
648350,Jurassic World Evolution,2018-06-11,t,Frontier Developments,Frontier Developments,windows,0,Single-player;Steam Achievements;Full controller support;Steam Trading Cards;Steam Cloud,Simulation;Strategy,Building;Dinosaurs;Management,62,9824,4060,1201,1509,500000-1000000,34.99,2853116,72215349,False,False,1528689600000,87
648800,Raft,2018-05-23,t,Redbeet Interactive,Axolot Games,windows,0,Single-player;Online Multi-Player;Online Co-op;Steam Achievements;Steam Cloud,Adventure;Indie;Simulation;Early Access,Early Access;Survival;Multiplayer,47,11577,3177,826,748,500000-1000000,14.99,18161665,231818567,False,False,1527048000000,93
653530,Return of the Obra Dinn,2018-10-18,t,Lucas Pope,3909,windows;mac,0,Single-player;Steam Achievements;Full controller support,Adventure;Indie,Mystery;Detective;Atmospheric,16,3960,130,160,160,100000-200000,15.49,905908,12754238,False,False,1539835200000,97
666140,My Time At Portia,2019-01-15,t,Pathea Games,Team17 Digital Ltd,windows,0,Single-player;Steam Achievements;Full controller support;Steam Trading Cards;Steam Cloud,Adventure;Casual;Indie;RPG;Simulation,Open World;Crafting;RPG,91,10695,1108,2094,2114,500000-1000000,24.99,2226088,27164740,False,False,1514764800000,92
667970,VTOL VR,2017-08-03,t,"Boundless Dynamics, LLC","Boundless Dynamics, LLC",windows,0,Single-player,Action;Indie;Simulation;Early Access,Early Access;Simulation;Action,0,675,39,0,0,20000-50000,22.99,533418,13208266,False,False,1501732800000,98
673750,Super Bunny Man,2017-08-31,t,Catobyte,Catobyte Ltd,windows,0,Single-player;Local Multi-Player;Co-op;Online Co-op;Local Co-op;Shared/Split Screen;Full controller support,Action;Indie;Early Access,Early Access;Local Co-Op;Funny,0,140,26,518,518,0-20000,11.39,1423276,12959156,False,False,1504152000000,86
673950,Farm Together,2018-10-11,t,Milkstone Studios,Milkstone Studios,windows;mac;linux,0,Single-player;Multi-player;Online Multi-Player;Local Multi-Player;Co-op;Online Co-op;Local Co-op;Shared/Split Screen;Steam Achievements;Full controller support;Steam Trading Cards;Steam Cloud,Casual;Indie;Simulation,Simulation;Multiplayer;Agriculture,45,4022,407,35,35,100000-200000,15.49,1143834,13843198,False,False,1517443200000,94
674940,Stick Fight: The Game,2017-09-28,t,Landfall West,Landfall,windows;mac,0,Multi-player;Online Multi-Player;Local Multi-Player;Shared/Split Screen;Partial Controller Support,Action;Casual;Indie,Multiplayer;Funny;Fighting,28,24847,2795,584,184,2000000-5000000,3.99,9332099,27026349,False,False,1506571200000,94
675010,MudRunner,2017-10-30,t,Saber Interactive,Focus Home Interactive,windows,0,Single-player;Online Co-op;Steam Achievements;Full controller support;Steam Trading Cards;Steam Workshop;Steam Cloud,Simulation,Offroad;Driving;Simulation,62,5845,1172,527,729,200000-500000,19.99,2267937,22248868,False,False,1509336000000,91
678950,DRAGON BALL FighterZ,2018-01-26,t,Arc System Works,BANDAI NAMCO Entertainment,windows,0,Single-player;Multi-player;Online Multi-Player;Shared/Split Screen;Steam Achievements;Full controller support;Steam Trading Cards;Steam Cloud,Action,Fighting;Anime;Action,35,10441,2264,3020,1311,200000-500000,44.99,2827184,55093605,False,False,1516942800000,90
683320,GRIS,2018-12-13,t,Nomada Studio,Devolver Digital,windows;mac,0,Single-player;Steam Achievements;Full controller support;Steam Cloud,Adventure;Indie,Atmospheric;Great Soundtrack;Beautiful,17,5747,242,0,0,200000-500000,14.49,2375265,12611979,False,False,1544677200000,96
690790,DiRT Rally 2.0,2019-02-25,t,Codemasters,Codemasters,windows,0,Single-player;Multi-player;Online Multi-Player;Steam Achievements;Full controller support;Steam Cloud,Racing;Simulation;Sports,Racing;Simulation;Sports,54,1017,670,104,104,50000-100000,44.99,3009686,30408690,False,False,1551070800000,89
690830,Foundation,2019-02-01,t,Polymorph Games,Polymorph Games,windows,0,Single-player;Steam Achievements;Steam Cloud,Indie;Simulation;Strategy;Early Access,Early Access;City Builder;Strategy,0,1228,386,219,328,50000-100000,26.99,1114305,25988898,False,False,1548997200000,85
702320,March of Empires,2017-12-11,t,Gameloft,Gameloft,windows,0,Online Multi-Player;Steam Achievements;In-App Purchases,Free to Play;Massively Multiplayer;RPG;Strategy,Free to Play;Strategy;RPG,87,163,135,3,3,50000-100000,0,223131,20547427,False,False,1512968400000,63
704270,Generation Zero,2019-03-26,t,Avalanche Publishing,Avalanche Publishing,windows,0,Single-player;Online Multi-Player;Online Co-op;Steam Achievements;Partial Controller Support;Steam Cloud,Action;Adventure,Open World;Survival;Adventure,50,1377,1673,187,234,50000-100000,29.99,2074586,23300980,False,False,1553572800000,72
704850,Thief Simulator,2018-11-09,t,Noble Muffins,PlayWay S.A.,windows,0,Single-player;Steam Achievements;Partial Controller Support,Action;Adventure;Indie;Simulation,Simulation;Stealth;Crime,24,1854,528,133,147,100000-200000,15.49,4150376,18363957,False,False,1541739600000,88
712100,Total War Saga: THRONES OF BRITANNIA,2018-05-02,t,CREATIVE ASSEMBLY;Feral Interactive (Mac);Feral Interactive (Linux),SEGA;Feral Interactive (Mac);Feral Interactive (Linux),windows;mac;linux,0,Single-player;Multi-player;Steam Achievements,Action;Strategy,Strategy;Historical;RTS,137,3386,2579,279,399,100000-200000,29.99,755089,18143174,False,False,1525233600000,70
714010,Aim Lab,2018-02-07,t,Statespace,Statespace,windows,0,Single-player;Steam Achievements;Stats;Steam Leaderboards,Action;Adventure;Casual;Free to Play;Indie;Simulation;Early Access,Early Access;Free to Play;Action,100,1039,247,40,54,200000-500000,0,27697167,22631892,False,False,1517979600000,92
728880,Overcooked! 2,2018-08-07,t,Ghost Town Games Ltd.;Team17 Digital Ltd,Team17 Digital Ltd,windows;mac;linux,0,Single-player;Multi-player;Online Multi-Player;Local Multi-Player;Co-op;Online Co-op;Local Co-op;Shared/Split Screen;Steam Achievements;Full controller support;Steam Trading Cards;Steam Cloud,Action;Casual;Indie,Multiplayer;Casual;Local Co-Op,40,5362,1274,359,482,200000-500000,19.99,9882976,101021295,False,False,1533614400000,91
731490,Crash Bandicoot™ N. Sane Trilogy,2018-06-29,t,Vicarious Visions;Iron Galaxy,Activision,windows,0,Single-player;Steam Achievements;Steam Trading Cards;Partial Controller Support;Steam Cloud,Action,3D Platformer;Remake;Classic,74,3555,237,3530,3530,100000-200000,34.99,1590631,32656081,False,False,1530244800000,92
736190,中国式家长 / Chinese Parents,2018-09-28,f,墨鱼玩游戏,Coconut Island Games,windows;mac,0,Single-player;Steam Achievements;Steam Cloud,Casual;Indie;RPG;Simulation,Simulation;Indie;RPG,23,10858,1227,652,479,1000000-2000000,7.19,3048403,16453224,False,False,1538107200000,91
736220,Post Scriptum,2018-08-09,t,Periscope Games,Offworld Industries,windows,0,Online Multi-Player;Partial Controller Support,Action;Indie;Massively Multiplayer;Simulation;Strategy,World War II;FPS;Multiplayer,0,2889,1556,607,845,100000-200000,24.5,895787,17818750,False,False,1533787200000,75
736260,Baba Is You,2019-03-13,t,Hempuli Oy,Hempuli Oy,windows;mac;linux,0,Single-player;Steam Achievements;Full controller support;Steam Cloud,Indie,Indie;Puzzle;Difficult,18,1300,26,32,32,50000-100000,11.39,1193014,13234963,False,False,1552449600000,98
750920,Shadow of the Tomb Raider,2018-09-14,t,Eidos-Montréal;Crystal Dynamics;Nixxes software,Square Enix,windows,18,Single-player;Steam Achievements;Full controller support;Steam Trading Cards;Steam Cloud,Action;Adventure,Adventure;Action;Lara Croft,99,10832,4408,672,733,500000-1000000,44.99,4488844,40219133,False,False,1536897600000,85
751780,Forager,2019-04-18,t,HopFrog,Humble Bundle,windows;linux,0,Single-player;Steam Achievements;Full controller support;Steam Trading Cards;Steam Cloud,Action;Adventure;Indie;Simulation,Survival;Adventure;Crafting,84,1666,209,587,587,100000-200000,14.99,1866990,23137545,False,False,1555560000000,90
761890,Albion Online,2018-05-16,t,Sandbox Interactive GmbH,Sandbox Interactive GmbH,windows;mac;linux,0,Online Multi-Player;MMO;Cross-Platform Multiplayer;Steam Achievements;In-App Purchases,Free to Play;Massively Multiplayer;RPG,Massively Multiplayer;RPG;Crafting,93,1800,1420,448,852,100000-200000,0,9449964,53205942,False,False,1526443200000,79
766570,Russian Fishing 4,2018-06-15,t,Russian Fishing,Russian Fishing,windows,0,Single-player;Multi-player;Online Multi-Player;MMO;Steam Achievements;In-App Purchases;Stats,Adventure;Casual;Free to Play;Massively Multiplayer;RPG;Simulation;Sports;Early Access,Early Access;Free to Play;Multiplayer,114,2103,1062,5647,597,500000-1000000,0,8325354,37072833,False,False,1529035200000,56
767560,War Robots,2018-04-04,t,Pixonic,Pixonic,windows,0,Multi-player;Online Multi-Player;Steam Trading Cards;In-App Purchases,Action;Free to Play,Free to Play;Robots;Action,0,756,929,32,37,500000-1000000,0,2328731,71130774,False,False,1522814400000,60
774861,Project Winter,2019-02-07,t,Other Ocean Interactive,Other Ocean Group,windows,0,Multi-player;Online Multi-Player;Co-op;Online Co-op;Steam Achievements;Full controller support,Action;Adventure;Casual;Indie;Strategy;Early Access,Early Access;Survival;Co-op,53,187,81,0,0,0-20000,15.49,2446951,17242119,False,False,1549515600000,83
784150,Workers & Resources: Soviet Republic,2019-03-15,t,3Division,3Division,windows,0,Single-player,Indie;Simulation;Strategy;Early Access,Early Access;City Builder;Strategy,0,1369,311,0,0,50000-100000,19.99,832241,16630734,False,False,1552622400000,91
787480,Phoenix Wright: Ace Attorney Trilogy / 逆転裁判123 成歩堂セレクション,2019-04-09,t,"CAPCOM Co., Ltd.","CAPCOM Co., Ltd.",windows,0,Single-player;Steam Achievements;Steam Trading Cards;Partial Controller Support;Steam Cloud,Adventure,Visual Novel;Story Rich;Great Soundtrack,30,373,11,0,0,20000-50000,29.99,1839385,20742145,False,False,1554782400000,98
787860,Farming Simulator 19,2018-11-19,t,Giants Software,Focus Home Interactive,windows;mac,0,Single-player;Multi-player;Co-op;Cross-Platform Multiplayer;Steam Achievements;Full controller support;Steam Trading Cards;Steam Cloud,Simulation,Simulation;Multiplayer;Agriculture,23,5738,1708,1164,1394,500000-1000000,29.99,3179395,60914549,False,False,1542603600000,94
794260,Outward,2019-03-26,t,Nine Dots Studio,Deep Silver,windows,0,Single-player;Online Co-op;Local Co-op;Shared/Split Screen;Steam Achievements;Steam Trading Cards;Partial Controller Support;Stats,RPG,RPG;Open World;Survival,44,2647,978,1373,2315,100000-200000,34.99,1765321,42176035,False,False,1551398400000,73
805550,Assetto Corsa Competizione,2018-09-12,t,Kunos Simulazioni,505 Games,windows,0,Single-player;Partial Controller Support,Racing;Simulation;Sports;Early Access,Early Access;Racing;Simulation,0,1744,278,0,0,50000-100000,34.99,2357982,41031763,False,False,1535760000000,93
812140,Assassin's Creed® Odyssey,2018-10-05,t,Ubisoft Quebec;Ubisoft Montreal;Ubisoft Bucharest;Ubisoft Singapore;Ubisoft Montpellier;Ubisoft Kiev;Ubisoft Shanghai,Ubisoft,windows,0,Single-player;Steam Achievements;Steam Trading Cards;Captions available;In-App Purchases;Partial Controller Support,Action;Adventure;RPG,Open World;Action;RPG,82,20771,4528,3151,3581,1000000-2000000,49.99,6677350,137026807,False,False,1538712000000,89
814380,Sekiro™: Shadows Die Twice,2019-03-21,t,FromSoftware,Activision (Excluding Japan and Asia);FromSoftware (Japan);方块游戏 (Asia),windows,18,Single-player;Steam Achievements;Full controller support;Steam Trading Cards;Steam Cloud,Action;Adventure,Action;Souls-like;Difficult,34,21504,3019,2059,2212,2000000-5000000,49.9,9565181,318046696,False,False,1553140800000,95
815370,Green Hell,2018-08-29,t,Creepy Jar,Creepy Jar,windows,0,Single-player,Indie;Simulation;Early Access,Early Access;Survival;Open World,0,2767,516,663,1213,100000-200000,15.49,6677803,86960959,False,False,1533081600000,86
816090,Space Hulk: Deathwing - Enhanced Edition,2018-05-22,t,Streum On Studio,Focus Home Interactive,windows,0,Single-player;Online Co-op;Steam Achievements;Full controller support;Steam Cloud,Action;Adventure,Action;Adventure;FPS,23,1039,497,133,233,20000-50000,34.99,949625,15027899,False,False,1526961600000,72
824270,KovaaK's FPS Aim Trainer,2018-04-03,t,KvK Games,KvK Games,windows,0,Single-player;Steam Workshop;Stats,Action;Indie;Simulation,Action;Indie;Simulation,0,575,35,0,0,20000-50000,7.19,2569669,15846111,False,False,1522728000000,93
834910,ATLAS,2018-12-22,t,Grapeshot Games;Instinct Games,Grapeshot Games,windows,0,Online Multi-Player;MMO;Co-op;Online Co-op;Steam Workshop;Partial Controller Support;Includes level editor,Action;Adventure;Massively Multiplayer;RPG;Early Access,Early Access;Survival;Open World,0,8621,16359,2755,3575,1000000-2000000,23.79,1361752,24695541,False,True,1545454800000,47
838350,太吾绘卷 The Scroll Of Taiwu,2018-09-20,f,ConchShip Games,ConchShip Games,windows,0,Single-player,Adventure;Casual;Indie;RPG;Strategy;Early Access,Early Access;RPG;Sandbox,0,17938,2273,1270,873,2000000-5000000,15.49,1989542,25135437,False,True,1537416000000,70
838380,DEAD OR ALIVE 6,2019-02-28,t,"KOEI TECMO GAMES CO., LTD.","KOEI TECMO GAMES CO., LTD.",windows,0,Single-player;Multi-player;Online Multi-Player;Local Multi-Player;Steam Achievements;Full controller support;In-App Purchases;Steam Cloud;Steam Leaderboards,Action,Fighting;Action;Sexual Content,36,1454,836,57,57,20000-50000,54.99,538273,12630711,False,False,1551330000000,75
848450,Subnautica: Below Zero,2019-01-30,t,Unknown Worlds Entertainment,Unknown Worlds Entertainment,windows;mac,0,Single-player;Partial Controller Support,Adventure;Indie;Early Access,Early Access;Survival;Open World,0,4097,471,229,289,200000-500000,15.49,3201255,48608654,False,False,1548824400000,90
858810,Dawn of Man,2019-03-01,t,Madruga Works,Madruga Works,windows;mac,0,Single-player;Steam Achievements;Steam Workshop,Indie;Simulation;Strategy,City Builder;Strategy;Simulation,18,2757,706,667,654,200000-500000,19.49,847552,13534610,False,False,1551416400000,87
880940,Pummel Party,2018-09-20,t,Rebuilt Games,Rebuilt Games,windows,0,Single-player;Multi-player;Online Multi-Player;Local Multi-Player;Shared/Split Screen;Steam Achievements;Full controller support,Action;Casual;Indie,Multiplayer;Casual;Funny,31,1368,306,211,268,100000-200000,11.39,1684198,14529452,False,False,1537416000000,89
883710,RESIDENT EVIL 2 / BIOHAZARD RE:2,2019-01-24,t,"CAPCOM Co., Ltd.","CAPCOM Co., Ltd.",windows,18,Single-player;Steam Achievements;Full controller support;Steam Trading Cards;Steam Cloud,Action,Zombies;Survival Horror;Horror,43,24950,1075,841,843,1000000-2000000,44.99,6165124,121244490,False,False,1548306000000,97
899440,GOD EATER 3,2019-02-07,t,BANDAI NAMCO Studios Inc.,BANDAI NAMCO Entertainment,windows,0,Single-player;Online Multi-Player;Online Co-op;Steam Achievements;Steam Trading Cards;Partial Controller Support;Steam Cloud,Action,Action;Anime;Character Customization,32,1882,562,1373,1373,50000-100000,39.99,736366,16537926,False,False,1549515600000,79
939960,Far Cry® New Dawn,2019-02-15,t,Ubisoft Montreal;Ubisoft Kiev;Ubisoft Shanghai,Ubisoft,windows,0,Single-player;Online Co-op;Partial Controller Support,Action;Adventure,Open World;Action;FPS,0,2755,1161,1597,1827,100000-200000,37.99,1684077,22344698,False,False,1550206800000,76
945360,Among Us,2018-11-16,t,Innersloth,Innersloth,windows,0,Multi-player;Online Multi-Player;Local Multi-Player;Co-op;Online Co-op;Local Co-op;Cross-Platform Multiplayer,Casual,Casual;Multiplayer;Local Multiplayer,0,60,11,0,0,0-20000,3.99,29819289,51619865,False,False,1542344400000,92
955900,了不起的修仙模拟器,2019-01-10,f,GSQ Games,Gamera Game,windows,0,Single-player;Steam Achievements;Steam Trading Cards;Steam Cloud;Stats,Indie;RPG;Simulation;Strategy;Early Access,Early Access;Simulation;Strategy,222,2224,1332,4164,4164,200000-500000,14.49,1144213,15596065,False,False,1547096400000,86
960090,Bloons TD 6,2018-12-17,t,Ninja Kiwi,Ninja Kiwi,windows,0,Single-player;Steam Achievements;In-App Purchases,Strategy,Strategy;Tower Defense;Singleplayer,49,516,251,2819,2819,200000-500000,6.99,9898973,53693031,False,False,1545022800000,97
967050,Pacify,2019-02-22,t,Shawn Hitchcock,SKH Apps,windows;mac,0,Single-player;Multi-player;Online Multi-Player;Co-op;Online Co-op;Cross-Platform Multiplayer;Steam Achievements;Full controller support;Steam Leaderboards,Action;Adventure;Casual;Indie;Strategy,Horror;Multiplayer;Co-op,16,1322,186,117,150,50000-100000,3.99,4117525,12557887,False,False,1550811600000,86
977950,A Dance of Fire and Ice,2019-01-24,t,7th Beat Games,7th Beat Games;indienova,windows;mac,0,Single-player;Steam Achievements;Partial Controller Support;Includes level editor,Indie,Indie;Rhythm;Music,20,1451,119,180,230,100000-200000,2.09,3942743,15410722,False,False,1548306000000,94
992300,嗜血印 Bloody Spell,2019-01-15,t,艺龙游戏,艺龙游戏,windows,0,Single-player;Steam Achievements;Full controller support;Steam Cloud,Action;Adventure;Indie;RPG;Early Access,Early Access;Action;Indie,29,1042,257,36,36,50000-100000,15.49,2446839,15619101,False,False,1547528400000,90
994280,古剑奇谭三(Gujian3),2018-12-14,f,上海烛龙信息科技有限公司,北京网元圣唐娱乐科技有限公司,windows,0,Single-player;Steam Achievements;Partial Controller Support,RPG,RPG;Action RPG;Story Rich,105,4945,1035,614,823,100000-200000,23.79,1656622,18986301,False,False,1544763600000,86
